{
  "learning_rate": 0.24500297851058134,
  "num_leaves": 244,
  "max_depth": 12,
  "min_child_samples": 43,
  "min_gain_to_split": 0.015456616528867428,
  "feature_fraction": 0.9569911375526352,
  "bagging_fraction": 0.6569104889903886,
  "bagging_freq": 10,
  "lambda_l1": 4.705218477150976,
  "lambda_l2": 0.4754283761334844,
  "objective": "regression",
  "metric": "rmse",
  "verbose": -1,
  "n_jobs": -1
}