{
  "learning_rate": 0.11868125133391169,
  "num_leaves": 75,
  "max_depth": 9,
  "min_child_samples": 41,
  "min_gain_to_split": 0.1988087761410554,
  "feature_fraction": 0.42203260899406825,
  "bagging_fraction": 0.4523038480772102,
  "bagging_freq": 4,
  "lambda_l1": 8.792936098566575e-05,
  "lambda_l2": 2.6083493442420138e-05,
  "objective": "regression",
  "metric": "rmse",
  "verbose": -1,
  "n_jobs": -1
}