{
  "learning_rate": 0.10609660396552015,
  "num_leaves": 255,
  "max_depth": 7,
  "min_child_samples": 10,
  "min_gain_to_split": 8.114842381005216e-08,
  "feature_fraction": 0.4232998452558442,
  "bagging_fraction": 0.5235968555800824,
  "bagging_freq": 9,
  "lambda_l1": 0.09095969293165274,
  "lambda_l2": 1.5849242162189905e-08,
  "objective": "regression",
  "metric": "rmse",
  "verbose": -1,
  "n_jobs": -1
}