{
  "learning_rate": 0.2640288328540435,
  "num_leaves": 149,
  "max_depth": 12,
  "min_child_samples": 26,
  "min_gain_to_split": 1.1095942370118374e-07,
  "feature_fraction": 0.42156536427804525,
  "bagging_fraction": 0.48182288535206186,
  "bagging_freq": 10,
  "lambda_l1": 0.02318182958044167,
  "lambda_l2": 3.21972053981427e-06,
  "objective": "regression",
  "metric": "rmse",
  "verbose": -1,
  "n_jobs": -1
}