{
  "learning_rate": 0.03355944807567019,
  "num_leaves": 197,
  "max_depth": 3,
  "min_child_samples": 20,
  "min_gain_to_split": 0.04600264202175275,
  "feature_fraction": 0.4244372813913821,
  "bagging_fraction": 0.9132763504066044,
  "bagging_freq": 8,
  "lambda_l1": 0.00018516737154191504,
  "lambda_l2": 7.594644433644963e-08,
  "objective": "regression",
  "metric": "rmse",
  "verbose": -1,
  "n_jobs": -1
}