{
  "learning_rate": 0.08012737503998542,
  "num_leaves": 157,
  "max_depth": 11,
  "min_child_samples": 29,
  "min_gain_to_split": 1.1355313900795568e-05,
  "feature_fraction": 0.41235069657748147,
  "bagging_fraction": 0.7671117368334277,
  "bagging_freq": 2,
  "lambda_l1": 0.0021465011216654484,
  "lambda_l2": 2.6185068507773707e-08,
  "objective": "regression",
  "metric": "rmse",
  "verbose": -1,
  "n_jobs": -1
}