{
  "learning_rate": 0.2904665979638737,
  "num_leaves": 114,
  "max_depth": 12,
  "min_child_samples": 80,
  "min_gain_to_split": 7.479650732188741e-05,
  "feature_fraction": 0.9569911375526352,
  "bagging_fraction": 0.9150476511058071,
  "bagging_freq": 5,
  "lambda_l1": 0.0012195473091700926,
  "lambda_l2": 0.002077300593178723,
  "objective": "regression",
  "metric": "rmse",
  "verbose": -1,
  "n_jobs": -1
}