obj_rmse_open,obj_rmse_close,obj_1_minus_dir_acc_open,obj_1_minus_dir_acc_close,obj_neg_n_recommendations,param_learning_rate,param_num_leaves,param_max_depth,param_min_child_samples,param_min_gain_to_split,param_feature_fraction,param_bagging_fraction,param_bagging_freq,param_lambda_l1,param_lambda_l2,trial_number
0.02020166428979386,0.028601229222642507,0.5731645569620254,0.49417721518987345,-7.0,0.10609660396552015,255,7,10,8.114842381005216e-08,0.4232998452558442,0.5235968555800824,9,0.09095969293165274,1.5849242162189905e-08,0
0.02028940184391488,0.02865072909932249,0.5351898734177215,0.5189873417721519,0.0,0.022748017939002416,130,10,95,0.024096686332525347,0.8048793535473748,0.964823278148033,3,2.240967228829304e-05,2.6790114696808965e-05,1
0.020060082893951267,0.028648208353471455,0.5508860759493671,0.5108860759493671,0.0,0.026584064365295444,173,9,35,0.01614781909042454,0.6658055791407071,0.9809278119696659,5,1.0308101327136607e-07,1.1527620147946944e-08,2
0.020108878004097174,0.028489520536645534,0.5822784810126582,0.5215189873417722,-1.0,0.06065756651035569,134,5,29,1.0208630571584593e-07,0.6284873155947343,0.9131224483375074,10,0.0011649107192581623,3.5031779940926424,3
0.020069560787792564,0.028471061665794134,0.5924050632911393,0.5291139240506328,-1.0,0.03867808400602709,84,5,15,0.0014116631108716659,0.7428752154731455,0.5454312456044182,4,3.6451473936077566e-08,0.19370441119141515,4
0.020300922356362487,0.028643532091177017,0.5670886075949367,0.5058227848101267,0.0,0.010959966515080164,159,8,69,2.67848989189976e-07,0.463266665796421,0.42373410532152733,3,2.3238179174018163,0.05253651560948131,6
0.021013573405498583,0.02904700857296376,0.5686075949367089,0.49417721518987345,-12.0,0.18895432342384427,61,9,14,5.080348830158782e-07,0.6664704549434833,0.6657230769166825,3,7.500085995666463e-05,4.878775573985497e-05,7
