obj_rmse_open,obj_rmse_close,obj_1_minus_dir_acc_open,obj_1_minus_dir_acc_close,obj_neg_n_recommendations,param_learning_rate,param_num_leaves,param_max_depth,param_min_child_samples,param_min_gain_to_split,param_feature_fraction,param_bagging_fraction,param_bagging_freq,param_lambda_l1,param_lambda_l2,trial_number
0.017057819419019852,0.48532490232953973,0.57668195003275,0.5112352791776391,-1456.0,0.04717052037625178,248,11,22,1.652113961713147e-07,0.5100427059120604,0.5825453457757226,3,7.71800699380605e-05,4.17890272377219e-06,243
0.017057819419019852,0.48532490232953973,0.57668195003275,0.5112352791776391,-1456.0,0.04717052037625178,248,11,22,1.652113961713147e-07,0.5100427059120604,0.5825453457757226,3,7.71800699380605e-05,4.17890272377219e-06,244
0.017057819419019852,0.48532490232953973,0.57668195003275,0.5112352791776391,-1456.0,0.04717052037625178,248,11,22,1.652113961713147e-07,0.5100427059120604,0.5825453457757226,3,7.71800699380605e-05,4.17890272377219e-06,245
0.017057819419019852,0.48532490232953973,0.57668195003275,0.5112352791776391,-1456.0,0.04717052037625178,248,11,22,1.652113961713147e-07,0.5100427059120604,0.5825453457757226,3,7.71800699380605e-05,4.17890272377219e-06,246
0.017057819419019852,0.48532490232953973,0.57668195003275,0.5112352791776391,-1456.0,0.04717052037625178,248,11,22,1.652113961713147e-07,0.5100427059120604,0.5825453457757226,3,7.71800699380605e-05,4.17890272377219e-06,247
0.017057819419019852,0.48532490232953973,0.57668195003275,0.5112352791776391,-1456.0,0.04717052037625178,248,11,22,1.652113961713147e-07,0.5100427059120604,0.5825453457757226,3,7.71800699380605e-05,4.17890272377219e-06,248
0.017057819419019852,0.48532490232953973,0.57668195003275,0.5112352791776391,-1456.0,0.04717052037625178,248,11,22,1.652113961713147e-07,0.5100427059120604,0.5825453457757226,3,7.71800699380605e-05,4.17890272377219e-06,249
0.017057819419019852,0.48532490232953973,0.57668195003275,0.5112352791776391,-1456.0,0.04717052037625178,248,11,22,1.652113961713147e-07,0.5100427059120604,0.5825453457757226,3,7.71800699380605e-05,4.17890272377219e-06,250
0.017057819419019852,0.48532490232953973,0.57668195003275,0.5112352791776391,-1456.0,0.04717052037625178,248,11,22,1.652113961713147e-07,0.5100427059120604,0.5825453457757226,3,7.71800699380605e-05,4.17890272377219e-06,251
0.017057819419019852,0.48532490232953973,0.57668195003275,0.5112352791776391,-1456.0,0.04717052037625178,248,11,22,1.652113961713147e-07,0.5100427059120604,0.5825453457757226,3,7.71800699380605e-05,4.17890272377219e-06,252
0.017057819419019852,0.48532490232953973,0.57668195003275,0.5112352791776391,-1456.0,0.04717052037625178,248,11,22,1.652113961713147e-07,0.5100427059120604,0.5825453457757226,3,7.71800699380605e-05,4.17890272377219e-06,254
0.017057819419019852,0.48532490232953973,0.57668195003275,0.5112352791776391,-1456.0,0.04717052037625178,248,11,22,1.652113961713147e-07,0.5100427059120604,0.5825453457757226,3,7.71800699380605e-05,4.17890272377219e-06,416
0.017057819419019852,0.48532490232953973,0.57668195003275,0.5112352791776391,-1456.0,0.04717052037625178,248,11,22,1.652113961713147e-07,0.5100427059120604,0.5825453457757226,3,7.71800699380605e-05,4.17890272377219e-06,417
0.017057819419019852,0.48532490232953973,0.57668195003275,0.5112352791776391,-1456.0,0.04717052037625178,248,11,22,1.652113961713147e-07,0.5100427059120604,0.5825453457757226,3,7.71800699380605e-05,4.17890272377219e-06,420
0.017057819419019852,0.48532490232953973,0.57668195003275,0.5112352791776391,-1456.0,0.04717052037625178,248,11,22,1.652113961713147e-07,0.5100427059120604,0.5825453457757226,3,7.71800699380605e-05,4.17890272377219e-06,427
0.017057819419019852,0.48532490232953973,0.57668195003275,0.5112352791776391,-1456.0,0.04717052037625178,248,11,22,1.652113961713147e-07,0.5100427059120604,0.5825453457757226,3,7.71800699380605e-05,4.17890272377219e-06,429
0.017057819419019852,0.48532490232953973,0.57668195003275,0.5112352791776391,-1456.0,0.04717052037625178,248,11,22,1.652113961713147e-07,0.5100427059120604,0.5825453457757226,3,7.71800699380605e-05,4.17890272377219e-06,432
0.017057819419019852,0.48532490232953973,0.57668195003275,0.5112352791776391,-1456.0,0.04717052037625178,248,11,22,1.652113961713147e-07,0.5100427059120604,0.5825453457757226,3,7.71800699380605e-05,4.17890272377219e-06,434
0.017057819419019852,0.48532490232953973,0.57668195003275,0.5112352791776391,-1456.0,0.04717052037625178,248,11,22,1.652113961713147e-07,0.5100427059120604,0.5825453457757226,3,7.71800699380605e-05,4.17890272377219e-06,435
0.017057819419019852,0.48532490232953973,0.57668195003275,0.5112352791776391,-1456.0,0.04717052037625178,248,11,22,1.652113961713147e-07,0.5100427059120604,0.5825453457757226,3,7.71800699380605e-05,4.17890272377219e-06,436
0.017057819419019852,0.48532490232953973,0.57668195003275,0.5112352791776391,-1456.0,0.04717052037625178,248,11,22,1.652113961713147e-07,0.5100427059120604,0.5825453457757226,3,7.71800699380605e-05,4.17890272377219e-06,437
0.017057819419019852,0.48532490232953973,0.57668195003275,0.5112352791776391,-1456.0,0.04717052037625178,248,11,22,1.652113961713147e-07,0.5100427059120604,0.5825453457757226,3,7.71800699380605e-05,4.17890272377219e-06,439
0.017057819419019852,0.48532490232953973,0.57668195003275,0.5112352791776391,-1456.0,0.04717052037625178,248,11,22,1.652113961713147e-07,0.5100427059120604,0.5825453457757226,3,7.71800699380605e-05,4.17890272377219e-06,440
0.017057819419019852,0.48532490232953973,0.57668195003275,0.5112352791776391,-1456.0,0.04717052037625178,248,11,22,1.652113961713147e-07,0.5100427059120604,0.5825453457757226,3,7.71800699380605e-05,4.17890272377219e-06,442
0.017057819419019852,0.48532490232953973,0.57668195003275,0.5112352791776391,-1456.0,0.04717052037625178,248,11,22,1.652113961713147e-07,0.5100427059120604,0.5825453457757226,3,7.71800699380605e-05,4.17890272377219e-06,445
0.017057819419019852,0.48532490232953973,0.57668195003275,0.5112352791776391,-1456.0,0.04717052037625178,248,11,22,1.652113961713147e-07,0.5100427059120604,0.5825453457757226,3,7.71800699380605e-05,4.17890272377219e-06,446
0.017057819419019852,0.48532490232953973,0.57668195003275,0.5112352791776391,-1456.0,0.04717052037625178,248,11,22,1.652113961713147e-07,0.5100427059120604,0.5825453457757226,3,7.71800699380605e-05,4.17890272377219e-06,448
0.017057819419019852,0.48532490232953973,0.57668195003275,0.5112352791776391,-1456.0,0.04717052037625178,248,11,22,1.652113961713147e-07,0.5100427059120604,0.5825453457757226,3,7.71800699380605e-05,4.17890272377219e-06,449
0.017057819419019852,0.48532490232953973,0.57668195003275,0.5112352791776391,-1456.0,0.04717052037625178,248,11,22,1.652113961713147e-07,0.5100427059120604,0.5825453457757226,3,7.71800699380605e-05,4.17890272377219e-06,452
0.017057819419019852,0.48532490232953973,0.57668195003275,0.5112352791776391,-1456.0,0.04717052037625178,248,11,22,1.652113961713147e-07,0.5100427059120604,0.5825453457757226,3,7.71800699380605e-05,4.17890272377219e-06,453
0.017057819419019852,0.48532490232953973,0.57668195003275,0.5112352791776391,-1456.0,0.04717052037625178,248,11,22,1.652113961713147e-07,0.5100427059120604,0.5825453457757226,3,7.71800699380605e-05,4.17890272377219e-06,455
0.017057819419019852,0.48532490232953973,0.57668195003275,0.5112352791776391,-1456.0,0.04717052037625178,248,11,22,1.652113961713147e-07,0.5100427059120604,0.5825453457757226,3,7.71800699380605e-05,4.17890272377219e-06,458
0.017057819419019852,0.48532490232953973,0.57668195003275,0.5112352791776391,-1456.0,0.04717052037625178,248,11,22,1.652113961713147e-07,0.5100427059120604,0.5825453457757226,3,7.71800699380605e-05,4.17890272377219e-06,459
0.017057819419019852,0.48532490232953973,0.57668195003275,0.5112352791776391,-1456.0,0.04717052037625178,248,11,22,1.652113961713147e-07,0.5100427059120604,0.5825453457757226,3,7.71800699380605e-05,4.17890272377219e-06,460
0.017057819419019852,0.48532490232953973,0.57668195003275,0.5112352791776391,-1456.0,0.04717052037625178,248,11,22,1.652113961713147e-07,0.5100427059120604,0.5825453457757226,3,7.71800699380605e-05,4.17890272377219e-06,461
0.017057819419019852,0.48532490232953973,0.57668195003275,0.5112352791776391,-1456.0,0.04717052037625178,248,11,22,1.652113961713147e-07,0.5100427059120604,0.5825453457757226,3,7.71800699380605e-05,4.17890272377219e-06,462
0.017057819419019852,0.48532490232953973,0.57668195003275,0.5112352791776391,-1456.0,0.04717052037625178,248,11,22,1.652113961713147e-07,0.5100427059120604,0.5825453457757226,3,7.71800699380605e-05,4.17890272377219e-06,465
0.017057819419019852,0.48532490232953973,0.57668195003275,0.5112352791776391,-1456.0,0.04717052037625178,248,11,22,1.652113961713147e-07,0.5100427059120604,0.5825453457757226,3,7.71800699380605e-05,4.17890272377219e-06,466
0.017057819419019852,0.48532490232953973,0.57668195003275,0.5112352791776391,-1456.0,0.04717052037625178,248,11,22,1.652113961713147e-07,0.5100427059120604,0.5825453457757226,3,7.71800699380605e-05,4.17890272377219e-06,467
0.017057819419019852,0.48532490232953973,0.57668195003275,0.5112352791776391,-1456.0,0.04717052037625178,248,11,22,1.652113961713147e-07,0.5100427059120604,0.5825453457757226,3,7.71800699380605e-05,4.17890272377219e-06,468
0.017057819419019852,0.48532490232953973,0.57668195003275,0.5112352791776391,-1456.0,0.04717052037625178,248,11,22,1.652113961713147e-07,0.5100427059120604,0.5825453457757226,3,7.71800699380605e-05,4.17890272377219e-06,471
0.017057819419019852,0.48532490232953973,0.57668195003275,0.5112352791776391,-1456.0,0.04717052037625178,248,11,22,1.652113961713147e-07,0.5100427059120604,0.5825453457757226,3,7.71800699380605e-05,4.17890272377219e-06,477
0.017057819419019852,0.48532490232953973,0.57668195003275,0.5112352791776391,-1456.0,0.04717052037625178,248,11,22,1.652113961713147e-07,0.5100427059120604,0.5825453457757226,3,7.71800699380605e-05,4.17890272377219e-06,479
0.017115852475780725,0.48289976584431504,0.5730994933764654,0.5112352791776391,-1338.0,0.04717052037625178,248,11,22,1.652113961713147e-07,0.5100427059120604,0.47322294090686734,5,7.71800699380605e-05,4.17890272377219e-06,514
0.017115852475780725,0.48289976584431504,0.5730994933764654,0.5112352791776391,-1338.0,0.04717052037625178,248,11,22,1.652113961713147e-07,0.5100427059120604,0.47322294090686734,5,7.71800699380605e-05,4.17890272377219e-06,516
0.017115852475780725,0.48289976584431504,0.5730994933764654,0.5112352791776391,-1338.0,0.04717052037625178,248,11,22,1.652113961713147e-07,0.5100427059120604,0.47322294090686734,5,7.71800699380605e-05,4.17890272377219e-06,517
0.017115852475780725,0.48289976584431504,0.5730994933764654,0.5112352791776391,-1338.0,0.04717052037625178,248,11,22,1.652113961713147e-07,0.5100427059120604,0.47322294090686734,5,7.71800699380605e-05,4.17890272377219e-06,518
0.017115852475780725,0.48289976584431504,0.5730994933764654,0.5112352791776391,-1338.0,0.04717052037625178,248,11,22,1.652113961713147e-07,0.5100427059120604,0.47322294090686734,5,7.71800699380605e-05,4.17890272377219e-06,519
0.017115852475780725,0.48289976584431504,0.5730994933764654,0.5112352791776391,-1338.0,0.04717052037625178,248,11,22,1.652113961713147e-07,0.5100427059120604,0.47322294090686734,5,7.71800699380605e-05,4.17890272377219e-06,520
0.017115852475780725,0.48289976584431504,0.5730994933764654,0.5112352791776391,-1338.0,0.04717052037625178,248,11,22,1.652113961713147e-07,0.5100427059120604,0.47322294090686734,5,7.71800699380605e-05,4.17890272377219e-06,524
0.017115852475780725,0.48289976584431504,0.5730994933764654,0.5112352791776391,-1338.0,0.04717052037625178,248,11,22,1.652113961713147e-07,0.5100427059120604,0.47322294090686734,5,7.71800699380605e-05,4.17890272377219e-06,525
0.017115852475780725,0.48289976584431504,0.5730994933764654,0.5112352791776391,-1338.0,0.04717052037625178,248,11,22,1.652113961713147e-07,0.5100427059120604,0.47322294090686734,5,7.71800699380605e-05,4.17890272377219e-06,527
0.017115852475780725,0.48289976584431504,0.5730994933764654,0.5112352791776391,-1338.0,0.04717052037625178,248,11,22,1.652113961713147e-07,0.5100427059120604,0.47322294090686734,5,7.71800699380605e-05,4.17890272377219e-06,528
0.017115852475780725,0.48289976584431504,0.5730994933764654,0.5112352791776391,-1338.0,0.04717052037625178,248,11,22,1.652113961713147e-07,0.5100427059120604,0.47322294090686734,5,7.71800699380605e-05,4.17890272377219e-06,531
0.017115852475780725,0.48289976584431504,0.5730994933764654,0.5112352791776391,-1338.0,0.04717052037625178,248,11,22,1.652113961713147e-07,0.5100427059120604,0.47322294090686734,5,7.71800699380605e-05,4.17890272377219e-06,532
0.017115852475780725,0.48289976584431504,0.5730994933764654,0.5112352791776391,-1338.0,0.04717052037625178,248,11,22,1.652113961713147e-07,0.5100427059120604,0.47322294090686734,5,7.71800699380605e-05,4.17890272377219e-06,535
0.017115852475780725,0.48289976584431504,0.5730994933764654,0.5112352791776391,-1338.0,0.04717052037625178,248,11,22,1.652113961713147e-07,0.5100427059120604,0.47322294090686734,5,7.71800699380605e-05,4.17890272377219e-06,539
0.017115852475780725,0.48289976584431504,0.5730994933764654,0.5112352791776391,-1338.0,0.04717052037625178,248,11,22,1.652113961713147e-07,0.5100427059120604,0.47322294090686734,5,7.71800699380605e-05,4.17890272377219e-06,540
0.017115852475780725,0.48289976584431504,0.5730994933764654,0.5112352791776391,-1338.0,0.04717052037625178,248,11,22,1.652113961713147e-07,0.5100427059120604,0.47322294090686734,5,7.71800699380605e-05,4.17890272377219e-06,541
0.017115852475780725,0.48289976584431504,0.5730994933764654,0.5112352791776391,-1338.0,0.04717052037625178,248,11,22,1.652113961713147e-07,0.5100427059120604,0.47322294090686734,5,7.71800699380605e-05,4.17890272377219e-06,543
0.017115852475780725,0.48289976584431504,0.5730994933764654,0.5112352791776391,-1338.0,0.04717052037625178,248,11,22,1.652113961713147e-07,0.5100427059120604,0.47322294090686734,5,7.71800699380605e-05,4.17890272377219e-06,609
0.017115852475780725,0.48289976584431504,0.5730994933764654,0.5112352791776391,-1338.0,0.04717052037625178,248,11,22,1.652113961713147e-07,0.5100427059120604,0.47322294090686734,5,7.71800699380605e-05,4.17890272377219e-06,611
0.017115852475780725,0.48289976584431504,0.5730994933764654,0.5112352791776391,-1338.0,0.04717052037625178,248,11,22,1.652113961713147e-07,0.5100427059120604,0.47322294090686734,5,7.71800699380605e-05,4.17890272377219e-06,613
0.017115852475780725,0.48289976584431504,0.5730994933764654,0.5112352791776391,-1338.0,0.04717052037625178,248,11,22,1.652113961713147e-07,0.5100427059120604,0.47322294090686734,5,7.71800699380605e-05,4.17890272377219e-06,616
0.017115852475780725,0.48289976584431504,0.5730994933764654,0.5112352791776391,-1338.0,0.04717052037625178,248,11,22,1.652113961713147e-07,0.5100427059120604,0.47322294090686734,5,7.71800699380605e-05,4.17890272377219e-06,621
0.017115852475780725,0.48289976584431504,0.5730994933764654,0.5112352791776391,-1338.0,0.04717052037625178,248,11,22,1.652113961713147e-07,0.5100427059120604,0.47322294090686734,5,7.71800699380605e-05,4.17890272377219e-06,623
0.017115852475780725,0.48289976584431504,0.5730994933764654,0.5112352791776391,-1338.0,0.04717052037625178,248,11,22,1.652113961713147e-07,0.5100427059120604,0.47322294090686734,5,7.71800699380605e-05,4.17890272377219e-06,624
0.017115852475780725,0.48289976584431504,0.5730994933764654,0.5112352791776391,-1338.0,0.04717052037625178,248,11,22,1.652113961713147e-07,0.5100427059120604,0.47322294090686734,5,7.71800699380605e-05,4.17890272377219e-06,626
0.017115852475780725,0.48289976584431504,0.5730994933764654,0.5112352791776391,-1338.0,0.04717052037625178,248,11,22,1.652113961713147e-07,0.5100427059120604,0.47322294090686734,5,7.71800699380605e-05,4.17890272377219e-06,627
0.017115852475780725,0.48289976584431504,0.5730994933764654,0.5112352791776391,-1338.0,0.04717052037625178,248,11,22,1.652113961713147e-07,0.5100427059120604,0.47322294090686734,5,7.71800699380605e-05,4.17890272377219e-06,628
0.017115852475780725,0.48289976584431504,0.5730994933764654,0.5112352791776391,-1338.0,0.04717052037625178,248,11,22,1.652113961713147e-07,0.5100427059120604,0.47322294090686734,5,7.71800699380605e-05,4.17890272377219e-06,629
0.017115852475780725,0.48289976584431504,0.5730994933764654,0.5112352791776391,-1338.0,0.04717052037625178,248,11,22,1.652113961713147e-07,0.5100427059120604,0.47322294090686734,5,7.71800699380605e-05,4.17890272377219e-06,630
0.017115852475780725,0.48289976584431504,0.5730994933764654,0.5112352791776391,-1338.0,0.04717052037625178,248,11,22,1.652113961713147e-07,0.5100427059120604,0.47322294090686734,5,7.71800699380605e-05,4.17890272377219e-06,632
0.017115852475780725,0.48289976584431504,0.5730994933764654,0.5112352791776391,-1338.0,0.04717052037625178,248,11,22,1.652113961713147e-07,0.5100427059120604,0.47322294090686734,5,7.71800699380605e-05,4.17890272377219e-06,633
0.017115852475780725,0.48289976584431504,0.5730994933764654,0.5112352791776391,-1338.0,0.04717052037625178,248,11,22,1.652113961713147e-07,0.5100427059120604,0.47322294090686734,5,7.71800699380605e-05,4.17890272377219e-06,636
0.017115852475780725,0.48289976584431504,0.5730994933764654,0.5112352791776391,-1338.0,0.04717052037625178,248,11,22,1.652113961713147e-07,0.5100427059120604,0.47322294090686734,5,7.71800699380605e-05,4.17890272377219e-06,641
0.017115852475780725,0.48289976584431504,0.5730994933764654,0.5112352791776391,-1338.0,0.04717052037625178,248,11,22,1.652113961713147e-07,0.5100427059120604,0.47322294090686734,5,7.71800699380605e-05,4.17890272377219e-06,644
0.017115852475780725,0.48289976584431504,0.5730994933764654,0.5112352791776391,-1338.0,0.04717052037625178,248,11,22,1.652113961713147e-07,0.5100427059120604,0.47322294090686734,5,7.71800699380605e-05,4.17890272377219e-06,645
0.017115852475780725,0.48289976584431504,0.5730994933764654,0.5112352791776391,-1338.0,0.04717052037625178,248,11,22,1.652113961713147e-07,0.5100427059120604,0.47322294090686734,5,7.71800699380605e-05,4.17890272377219e-06,647
0.017085986494288243,0.48604071179158487,0.5611089574783783,0.5112352791776391,-1721.0,0.09519754482692679,248,10,64,1.1095942370118374e-07,0.49359671220172163,0.47322294090686734,9,0.002570603566117598,0.023585940584142682,928
0.017085986494288243,0.48604071179158487,0.5611089574783783,0.5112352791776391,-1721.0,0.09519754482692679,248,10,64,1.1095942370118374e-07,0.49359671220172163,0.47322294090686734,9,0.002570603566117598,0.023585940584142682,929
0.017085986494288243,0.48604071179158487,0.5611089574783783,0.5112352791776391,-1721.0,0.09519754482692679,248,10,64,1.1095942370118374e-07,0.49359671220172163,0.47322294090686734,9,0.002570603566117598,0.023585940584142682,930
0.017085986494288243,0.48604071179158487,0.5611089574783783,0.5112352791776391,-1721.0,0.09519754482692679,248,10,64,1.1095942370118374e-07,0.49359671220172163,0.47322294090686734,9,0.002570603566117598,0.023585940584142682,932
0.017085986494288243,0.48604071179158487,0.5611089574783783,0.5112352791776391,-1721.0,0.09519754482692679,248,10,64,1.1095942370118374e-07,0.49359671220172163,0.47322294090686734,9,0.002570603566117598,0.023585940584142682,934
0.017085986494288243,0.48604071179158487,0.5611089574783783,0.5112352791776391,-1721.0,0.09519754482692679,248,10,64,1.1095942370118374e-07,0.49359671220172163,0.47322294090686734,9,0.002570603566117598,0.023585940584142682,937
0.017085986494288243,0.48604071179158487,0.5611089574783783,0.5112352791776391,-1721.0,0.09519754482692679,248,10,64,1.1095942370118374e-07,0.49359671220172163,0.47322294090686734,9,0.002570603566117598,0.023585940584142682,939
0.017085986494288243,0.48604071179158487,0.5611089574783783,0.5112352791776391,-1721.0,0.09519754482692679,248,10,64,1.1095942370118374e-07,0.49359671220172163,0.47322294090686734,9,0.002570603566117598,0.023585940584142682,942
0.017085986494288243,0.48604071179158487,0.5611089574783783,0.5112352791776391,-1721.0,0.09519754482692679,248,10,64,1.1095942370118374e-07,0.49359671220172163,0.47322294090686734,9,0.002570603566117598,0.023585940584142682,944
0.017085986494288243,0.48604071179158487,0.5611089574783783,0.5112352791776391,-1721.0,0.09519754482692679,248,10,64,1.1095942370118374e-07,0.49359671220172163,0.47322294090686734,9,0.002570603566117598,0.023585940584142682,945
0.017085986494288243,0.48604071179158487,0.5611089574783783,0.5112352791776391,-1721.0,0.09519754482692679,248,10,64,1.1095942370118374e-07,0.49359671220172163,0.47322294090686734,9,0.002570603566117598,0.023585940584142682,948
0.017085986494288243,0.48604071179158487,0.5611089574783783,0.5112352791776391,-1721.0,0.09519754482692679,248,10,64,1.1095942370118374e-07,0.49359671220172163,0.47322294090686734,9,0.002570603566117598,0.023585940584142682,949
0.017085986494288243,0.48604071179158487,0.5611089574783783,0.5112352791776391,-1721.0,0.09519754482692679,248,10,64,1.1095942370118374e-07,0.49359671220172163,0.47322294090686734,9,0.002570603566117598,0.023585940584142682,951
0.017085986494288243,0.48604071179158487,0.5611089574783783,0.5112352791776391,-1721.0,0.09519754482692679,248,10,64,1.1095942370118374e-07,0.49359671220172163,0.47322294090686734,9,0.002570603566117598,0.023585940584142682,952
0.017085986494288243,0.48604071179158487,0.5611089574783783,0.5112352791776391,-1721.0,0.09519754482692679,248,10,64,1.1095942370118374e-07,0.49359671220172163,0.47322294090686734,9,0.002570603566117598,0.023585940584142682,958
0.017002907534078154,0.4848416357025617,0.558796401502493,0.5112352791776391,-1326.0,0.04717052037625178,248,11,22,1.652113961713147e-07,0.5100427059120604,0.6640914962437607,2,7.71800699380605e-05,6.257956190096665e-08,1054
0.017002907534078154,0.4848416357025617,0.558796401502493,0.5112352791776391,-1326.0,0.04717052037625178,248,11,22,1.652113961713147e-07,0.5100427059120604,0.6640914962437607,2,7.71800699380605e-05,6.257956190096665e-08,1058
0.01704443584040027,0.48392122419294864,0.5653865176649868,0.5112352791776391,-1305.0,0.04717052037625178,248,11,22,1.652113961713147e-07,0.5100427059120604,0.5825453457757226,5,7.71800699380605e-05,0.28749982347407854,1296
0.017027867986763003,0.48868825787803916,0.5572858880615968,0.5112352791776391,-1600.0,0.04717052037625178,179,11,22,1.652113961713147e-07,0.6332063738136893,0.47322294090686734,3,7.71800699380605e-05,4.17890272377219e-06,1471
0.017027867986763003,0.48868825787803916,0.5572858880615968,0.5112352791776391,-1600.0,0.04717052037625178,179,11,22,1.652113961713147e-07,0.6332063738136893,0.47322294090686734,3,7.71800699380605e-05,4.17890272377219e-06,1473
0.017027867986763003,0.48868825787803916,0.5572858880615968,0.5112352791776391,-1600.0,0.04717052037625178,179,11,22,1.652113961713147e-07,0.6332063738136893,0.47322294090686734,3,7.71800699380605e-05,4.17890272377219e-06,1475
0.017027867986763003,0.48868825787803916,0.5572858880615968,0.5112352791776391,-1600.0,0.04717052037625178,179,11,22,1.652113961713147e-07,0.6332063738136893,0.47322294090686734,3,7.71800699380605e-05,4.17890272377219e-06,1480
0.017027867986763003,0.48868825787803916,0.5572858880615968,0.5112352791776391,-1600.0,0.04717052037625178,179,11,22,1.652113961713147e-07,0.6332063738136893,0.47322294090686734,3,7.71800699380605e-05,4.17890272377219e-06,1482
0.017027867986763003,0.48868825787803916,0.5572858880615968,0.5112352791776391,-1600.0,0.04717052037625178,179,11,22,1.652113961713147e-07,0.6332063738136893,0.47322294090686734,3,7.71800699380605e-05,4.17890272377219e-06,1483
0.017027867986763003,0.48868825787803916,0.5572858880615968,0.5112352791776391,-1600.0,0.04717052037625178,179,11,22,1.652113961713147e-07,0.6332063738136893,0.47322294090686734,3,7.71800699380605e-05,4.17890272377219e-06,1485
0.017027867986763003,0.48868825787803916,0.5572858880615968,0.5112352791776391,-1600.0,0.04717052037625178,179,11,22,1.652113961713147e-07,0.6332063738136893,0.47322294090686734,3,7.71800699380605e-05,4.17890272377219e-06,1487
0.017027867986763003,0.48868825787803916,0.5572858880615968,0.5112352791776391,-1600.0,0.04717052037625178,179,11,22,1.652113961713147e-07,0.6332063738136893,0.47322294090686734,3,7.71800699380605e-05,4.17890272377219e-06,1489
0.017027867986763003,0.48868825787803916,0.5572858880615968,0.5112352791776391,-1600.0,0.04717052037625178,179,11,22,1.652113961713147e-07,0.6332063738136893,0.47322294090686734,3,7.71800699380605e-05,4.17890272377219e-06,1490
0.017027867986763003,0.48868825787803916,0.5572858880615968,0.5112352791776391,-1600.0,0.04717052037625178,179,11,22,1.652113961713147e-07,0.6332063738136893,0.47322294090686734,3,7.71800699380605e-05,4.17890272377219e-06,1492
0.017027867986763003,0.48868825787803916,0.5572858880615968,0.5112352791776391,-1600.0,0.04717052037625178,179,11,22,1.652113961713147e-07,0.6332063738136893,0.47322294090686734,3,7.71800699380605e-05,4.17890272377219e-06,1493
0.017027867986763003,0.48868825787803916,0.5572858880615968,0.5112352791776391,-1600.0,0.04717052037625178,179,11,22,1.652113961713147e-07,0.6332063738136893,0.47322294090686734,3,7.71800699380605e-05,4.17890272377219e-06,1495
0.017027867986763003,0.48868825787803916,0.5572858880615968,0.5112352791776391,-1600.0,0.04717052037625178,179,11,22,1.652113961713147e-07,0.6332063738136893,0.47322294090686734,3,7.71800699380605e-05,4.17890272377219e-06,1501
0.017027867986763003,0.48868825787803916,0.5572858880615968,0.5112352791776391,-1600.0,0.04717052037625178,179,11,22,1.652113961713147e-07,0.6332063738136893,0.47322294090686734,3,7.71800699380605e-05,4.17890272377219e-06,1506
0.017117479043825767,0.48176346752078136,0.5712948976727399,0.5112352791776391,-1507.0,0.04717052037625178,42,11,56,1.652113961713147e-07,0.5100427059120604,0.5825453457757226,3,7.71800699380605e-05,4.17890272377219e-06,1816
0.017117479043825767,0.48176346752078136,0.5712948976727399,0.5112352791776391,-1507.0,0.04717052037625178,42,11,56,1.652113961713147e-07,0.5100427059120604,0.5825453457757226,3,7.71800699380605e-05,4.17890272377219e-06,1821
0.017117479043825767,0.48176346752078136,0.5712948976727399,0.5112352791776391,-1507.0,0.04717052037625178,42,11,56,1.652113961713147e-07,0.5100427059120604,0.5825453457757226,3,7.71800699380605e-05,4.17890272377219e-06,1822
0.017117479043825767,0.48176346752078136,0.5712948976727399,0.5112352791776391,-1507.0,0.04717052037625178,42,11,56,1.652113961713147e-07,0.5100427059120604,0.5825453457757226,3,7.71800699380605e-05,4.17890272377219e-06,1827
0.017117479043825767,0.48176346752078136,0.5712948976727399,0.5112352791776391,-1507.0,0.04717052037625178,42,11,56,1.652113961713147e-07,0.5100427059120604,0.5825453457757226,3,7.71800699380605e-05,4.17890272377219e-06,1831
0.017117479043825767,0.48176346752078136,0.5712948976727399,0.5112352791776391,-1507.0,0.04717052037625178,42,11,56,1.652113961713147e-07,0.5100427059120604,0.5825453457757226,3,7.71800699380605e-05,4.17890272377219e-06,1834
0.017117479043825767,0.48176346752078136,0.5712948976727399,0.5112352791776391,-1507.0,0.04717052037625178,42,11,56,1.652113961713147e-07,0.5100427059120604,0.5825453457757226,3,7.71800699380605e-05,4.17890272377219e-06,1837
0.017117479043825767,0.48176346752078136,0.5712948976727399,0.5112352791776391,-1507.0,0.04717052037625178,42,11,56,1.652113961713147e-07,0.5100427059120604,0.5825453457757226,3,7.71800699380605e-05,4.17890272377219e-06,1838
0.017117479043825767,0.48176346752078136,0.5712948976727399,0.5112352791776391,-1507.0,0.04717052037625178,42,11,56,1.652113961713147e-07,0.5100427059120604,0.5825453457757226,3,7.71800699380605e-05,4.17890272377219e-06,1843
0.017117479043825767,0.48176346752078136,0.5712948976727399,0.5112352791776391,-1507.0,0.04717052037625178,42,11,56,1.652113961713147e-07,0.5100427059120604,0.5825453457757226,3,7.71800699380605e-05,4.17890272377219e-06,1845
0.017117479043825767,0.48176346752078136,0.5712948976727399,0.5112352791776391,-1507.0,0.04717052037625178,42,11,56,1.652113961713147e-07,0.5100427059120604,0.5825453457757226,3,7.71800699380605e-05,4.17890272377219e-06,1846
0.017117479043825767,0.48176346752078136,0.5712948976727399,0.5112352791776391,-1507.0,0.04717052037625178,42,11,56,1.652113961713147e-07,0.5100427059120604,0.5825453457757226,3,7.71800699380605e-05,4.17890272377219e-06,1848
0.017117479043825767,0.48176346752078136,0.5712948976727399,0.5112352791776391,-1507.0,0.04717052037625178,42,11,56,1.652113961713147e-07,0.5100427059120604,0.5825453457757226,3,7.71800699380605e-05,4.17890272377219e-06,1854
0.017117479043825767,0.48176346752078136,0.5712948976727399,0.5112352791776391,-1507.0,0.04717052037625178,42,11,56,1.652113961713147e-07,0.5100427059120604,0.5825453457757226,3,7.71800699380605e-05,4.17890272377219e-06,1868
0.017117479043825767,0.48176346752078136,0.5712948976727399,0.5112352791776391,-1507.0,0.04717052037625178,42,11,56,1.652113961713147e-07,0.5100427059120604,0.5825453457757226,3,7.71800699380605e-05,4.17890272377219e-06,1872
0.017117479043825767,0.48176346752078136,0.5712948976727399,0.5112352791776391,-1507.0,0.04717052037625178,42,11,56,1.652113961713147e-07,0.5100427059120604,0.5825453457757226,3,7.71800699380605e-05,4.17890272377219e-06,1881
0.017117479043825767,0.48176346752078136,0.5712948976727399,0.5112352791776391,-1507.0,0.04717052037625178,42,11,56,1.652113961713147e-07,0.5100427059120604,0.5825453457757226,3,7.71800699380605e-05,4.17890272377219e-06,1887
0.01696574689014451,0.48869174815790295,0.5397211565453355,0.5112352791776391,-1720.0,0.08330803890301997,157,11,18,1.652113961713147e-07,0.5100427059120604,0.764526911140863,5,7.71800699380605e-05,4.17890272377219e-06,2148
0.01696574689014451,0.48869174815790295,0.5397211565453355,0.5112352791776391,-1720.0,0.08330803890301997,157,11,18,1.652113961713147e-07,0.5100427059120604,0.764526911140863,5,7.71800699380605e-05,4.17890272377219e-06,2169
0.01696574689014451,0.48869174815790295,0.5397211565453355,0.5112352791776391,-1720.0,0.08330803890301997,157,11,18,1.652113961713147e-07,0.5100427059120604,0.764526911140863,5,7.71800699380605e-05,4.17890272377219e-06,2179
0.01696574689014451,0.48869174815790295,0.5397211565453355,0.5112352791776391,-1720.0,0.08330803890301997,157,11,18,1.652113961713147e-07,0.5100427059120604,0.764526911140863,5,7.71800699380605e-05,4.17890272377219e-06,2180
0.01696574689014451,0.48869174815790295,0.5397211565453355,0.5112352791776391,-1720.0,0.08330803890301997,157,11,18,1.652113961713147e-07,0.5100427059120604,0.764526911140863,5,7.71800699380605e-05,4.17890272377219e-06,2183
0.01696574689014451,0.48869174815790295,0.5397211565453355,0.5112352791776391,-1720.0,0.08330803890301997,157,11,18,1.652113961713147e-07,0.5100427059120604,0.764526911140863,5,7.71800699380605e-05,4.17890272377219e-06,2185
0.01696574689014451,0.48869174815790295,0.5397211565453355,0.5112352791776391,-1720.0,0.08330803890301997,157,11,18,1.652113961713147e-07,0.5100427059120604,0.764526911140863,5,7.71800699380605e-05,4.17890272377219e-06,2191
0.01696574689014451,0.48869174815790295,0.5397211565453355,0.5112352791776391,-1720.0,0.08330803890301997,157,11,18,1.652113961713147e-07,0.5100427059120604,0.764526911140863,5,7.71800699380605e-05,4.17890272377219e-06,2192
0.01696574689014451,0.48869174815790295,0.5397211565453355,0.5112352791776391,-1720.0,0.08330803890301997,157,11,18,1.652113961713147e-07,0.5100427059120604,0.764526911140863,5,7.71800699380605e-05,4.17890272377219e-06,2194
0.01696574689014451,0.48869174815790295,0.5397211565453355,0.5112352791776391,-1720.0,0.08330803890301997,157,11,18,1.652113961713147e-07,0.5100427059120604,0.764526911140863,5,7.71800699380605e-05,4.17890272377219e-06,2195
0.01696574689014451,0.48869174815790295,0.5397211565453355,0.5112352791776391,-1720.0,0.08330803890301997,157,11,18,1.652113961713147e-07,0.5100427059120604,0.764526911140863,5,7.71800699380605e-05,4.17890272377219e-06,2197
0.01696574689014451,0.48869174815790295,0.5397211565453355,0.5112352791776391,-1720.0,0.08330803890301997,157,11,18,1.652113961713147e-07,0.5100427059120604,0.764526911140863,5,7.71800699380605e-05,4.17890272377219e-06,2206
0.01696574689014451,0.48869174815790295,0.5397211565453355,0.5112352791776391,-1720.0,0.08330803890301997,157,11,18,1.652113961713147e-07,0.5100427059120604,0.764526911140863,5,7.71800699380605e-05,4.17890272377219e-06,2208
0.01696574689014451,0.48869174815790295,0.5397211565453355,0.5112352791776391,-1720.0,0.08330803890301997,157,11,18,1.652113961713147e-07,0.5100427059120604,0.764526911140863,5,7.71800699380605e-05,4.17890272377219e-06,2217
0.017006746408993544,0.4849871143545508,0.5503615875095242,0.5112352791776391,-1339.0,0.06746437142284309,248,11,18,1.652113961713147e-07,0.4271363733463229,0.8627622080115674,3,7.71800699380605e-05,4.17890272377219e-06,2270
0.017006746408993544,0.4849871143545508,0.5503615875095242,0.5112352791776391,-1339.0,0.06746437142284309,248,11,18,1.652113961713147e-07,0.4271363733463229,0.8627622080115674,3,7.71800699380605e-05,4.17890272377219e-06,2274
0.017006746408993544,0.4849871143545508,0.5503615875095242,0.5112352791776391,-1339.0,0.06746437142284309,248,11,18,1.652113961713147e-07,0.4271363733463229,0.8627622080115674,3,7.71800699380605e-05,4.17890272377219e-06,2280
0.017006746408993544,0.4849871143545508,0.5503615875095242,0.5112352791776391,-1339.0,0.06746437142284309,248,11,18,1.652113961713147e-07,0.4271363733463229,0.8627622080115674,3,7.71800699380605e-05,4.17890272377219e-06,2281
0.017006746408993544,0.4849871143545508,0.5503615875095242,0.5112352791776391,-1339.0,0.06746437142284309,248,11,18,1.652113961713147e-07,0.4271363733463229,0.8627622080115674,3,7.71800699380605e-05,4.17890272377219e-06,2283
0.017006746408993544,0.4849871143545508,0.5503615875095242,0.5112352791776391,-1339.0,0.06746437142284309,248,11,18,1.652113961713147e-07,0.4271363733463229,0.8627622080115674,3,7.71800699380605e-05,4.17890272377219e-06,2285
0.017006746408993544,0.4849871143545508,0.5503615875095242,0.5112352791776391,-1339.0,0.06746437142284309,248,11,18,1.652113961713147e-07,0.4271363733463229,0.8627622080115674,3,7.71800699380605e-05,4.17890272377219e-06,2288
0.017006746408993544,0.4849871143545508,0.5503615875095242,0.5112352791776391,-1339.0,0.06746437142284309,248,11,18,1.652113961713147e-07,0.4271363733463229,0.8627622080115674,3,7.71800699380605e-05,4.17890272377219e-06,2290
0.017006746408993544,0.4849871143545508,0.5503615875095242,0.5112352791776391,-1339.0,0.06746437142284309,248,11,18,1.652113961713147e-07,0.4271363733463229,0.8627622080115674,3,7.71800699380605e-05,4.17890272377219e-06,2291
0.017006746408993544,0.4849871143545508,0.5503615875095242,0.5112352791776391,-1339.0,0.06746437142284309,248,11,18,1.652113961713147e-07,0.4271363733463229,0.8627622080115674,3,7.71800699380605e-05,4.17890272377219e-06,2298
0.017006746408993544,0.4849871143545508,0.5503615875095242,0.5112352791776391,-1339.0,0.06746437142284309,248,11,18,1.652113961713147e-07,0.4271363733463229,0.8627622080115674,3,7.71800699380605e-05,4.17890272377219e-06,2310
0.017006746408993544,0.4849871143545508,0.5503615875095242,0.5112352791776391,-1339.0,0.06746437142284309,248,11,18,1.652113961713147e-07,0.4271363733463229,0.8627622080115674,3,7.71800699380605e-05,4.17890272377219e-06,2321
0.017006746408993544,0.4849871143545508,0.5503615875095242,0.5112352791776391,-1339.0,0.06746437142284309,248,11,18,1.652113961713147e-07,0.4271363733463229,0.8627622080115674,3,7.71800699380605e-05,4.17890272377219e-06,2335
0.01707807811807448,0.4832149559034665,0.5689422395701051,0.5112352791776391,-1543.0,0.04717052037625178,140,11,22,7.312812825322083e-06,0.5100427059120604,0.5825453457757226,3,7.71800699380605e-05,4.6876566400928895e-08,2350
0.01707807811807448,0.4832149559034665,0.5689422395701051,0.5112352791776391,-1543.0,0.04717052037625178,140,11,22,7.312812825322083e-06,0.5100427059120604,0.5825453457757226,3,7.71800699380605e-05,4.6876566400928895e-08,2351
0.01707807811807448,0.4832149559034665,0.5689422395701051,0.5112352791776391,-1543.0,0.04717052037625178,140,11,22,7.312812825322083e-06,0.5100427059120604,0.5825453457757226,3,7.71800699380605e-05,4.6876566400928895e-08,2352
0.01707807811807448,0.4832149559034665,0.5689422395701051,0.5112352791776391,-1543.0,0.04717052037625178,140,11,22,7.312812825322083e-06,0.5100427059120604,0.5825453457757226,3,7.71800699380605e-05,4.6876566400928895e-08,2353
0.01707807811807448,0.4832149559034665,0.5689422395701051,0.5112352791776391,-1543.0,0.04717052037625178,140,11,22,7.312812825322083e-06,0.5100427059120604,0.5825453457757226,3,7.71800699380605e-05,4.6876566400928895e-08,2357
0.01707807811807448,0.4832149559034665,0.5689422395701051,0.5112352791776391,-1543.0,0.04717052037625178,140,11,22,7.312812825322083e-06,0.5100427059120604,0.5825453457757226,3,7.71800699380605e-05,4.6876566400928895e-08,2358
0.01727100951201664,0.4828451190139311,0.5798633854215403,0.5112352791776391,-1791.0,0.11935262708510537,21,11,80,1.652113961713147e-07,0.5100427059120604,0.764526911140863,2,7.71800699380605e-05,4.17890272377219e-06,2360
0.01707807811807448,0.4832149559034665,0.5689422395701051,0.5112352791776391,-1543.0,0.04717052037625178,140,11,22,7.312812825322083e-06,0.5100427059120604,0.5825453457757226,3,7.71800699380605e-05,4.6876566400928895e-08,2363
0.01727100951201664,0.4828451190139311,0.5798633854215403,0.5112352791776391,-1791.0,0.11935262708510537,21,11,80,1.652113961713147e-07,0.5100427059120604,0.764526911140863,2,7.71800699380605e-05,4.17890272377219e-06,2365
0.01727100951201664,0.4828451190139311,0.5798633854215403,0.5112352791776391,-1791.0,0.11935262708510537,21,11,80,1.652113961713147e-07,0.5100427059120604,0.764526911140863,2,7.71800699380605e-05,4.17890272377219e-06,2366
0.01727100951201664,0.4828451190139311,0.5798633854215403,0.5112352791776391,-1791.0,0.11935262708510537,21,11,80,1.652113961713147e-07,0.5100427059120604,0.764526911140863,2,7.71800699380605e-05,4.17890272377219e-06,2369
0.01707807811807448,0.4832149559034665,0.5689422395701051,0.5112352791776391,-1543.0,0.04717052037625178,140,11,22,7.312812825322083e-06,0.5100427059120604,0.5825453457757226,3,7.71800699380605e-05,4.6876566400928895e-08,2372
0.01727100951201664,0.4828451190139311,0.5798633854215403,0.5112352791776391,-1791.0,0.11935262708510537,21,11,80,1.652113961713147e-07,0.5100427059120604,0.764526911140863,2,7.71800699380605e-05,4.17890272377219e-06,2376
0.01727100951201664,0.4828451190139311,0.5798633854215403,0.5112352791776391,-1791.0,0.11935262708510537,21,11,80,1.652113961713147e-07,0.5100427059120604,0.764526911140863,2,7.71800699380605e-05,4.17890272377219e-06,2377
0.01727100951201664,0.4828451190139311,0.5798633854215403,0.5112352791776391,-1791.0,0.11935262708510537,21,11,80,1.652113961713147e-07,0.5100427059120604,0.764526911140863,2,7.71800699380605e-05,4.17890272377219e-06,2381
0.01727100951201664,0.4828451190139311,0.5798633854215403,0.5112352791776391,-1791.0,0.11935262708510537,21,11,80,1.652113961713147e-07,0.5100427059120604,0.764526911140863,2,7.71800699380605e-05,4.17890272377219e-06,2382
0.01727100951201664,0.4828451190139311,0.5798633854215403,0.5112352791776391,-1791.0,0.11935262708510537,21,11,80,1.652113961713147e-07,0.5100427059120604,0.764526911140863,2,7.71800699380605e-05,4.17890272377219e-06,2383
0.01727100951201664,0.4828451190139311,0.5798633854215403,0.5112352791776391,-1791.0,0.11935262708510537,21,11,80,1.652113961713147e-07,0.5100427059120604,0.764526911140863,2,7.71800699380605e-05,4.17890272377219e-06,2384
0.01727100951201664,0.4828451190139311,0.5798633854215403,0.5112352791776391,-1791.0,0.11935262708510537,21,11,80,1.652113961713147e-07,0.5100427059120604,0.764526911140863,2,7.71800699380605e-05,4.17890272377219e-06,2385
0.01707807811807448,0.4832149559034665,0.5689422395701051,0.5112352791776391,-1543.0,0.04717052037625178,140,11,22,7.312812825322083e-06,0.5100427059120604,0.5825453457757226,3,7.71800699380605e-05,4.6876566400928895e-08,2387
0.01727100951201664,0.4828451190139311,0.5798633854215403,0.5112352791776391,-1791.0,0.11935262708510537,21,11,80,1.652113961713147e-07,0.5100427059120604,0.764526911140863,2,7.71800699380605e-05,4.17890272377219e-06,2389
0.01727100951201664,0.4828451190139311,0.5798633854215403,0.5112352791776391,-1791.0,0.11935262708510537,21,11,80,1.652113961713147e-07,0.5100427059120604,0.764526911140863,2,7.71800699380605e-05,4.17890272377219e-06,2397
0.01707807811807448,0.4832149559034665,0.5689422395701051,0.5112352791776391,-1543.0,0.04717052037625178,140,11,22,7.312812825322083e-06,0.5100427059120604,0.5825453457757226,3,7.71800699380605e-05,4.6876566400928895e-08,2400
0.01707807811807448,0.4832149559034665,0.5689422395701051,0.5112352791776391,-1543.0,0.04717052037625178,140,11,22,7.312812825322083e-06,0.5100427059120604,0.5825453457757226,3,7.71800699380605e-05,4.6876566400928895e-08,2401
0.017070407636381582,0.48851792211317585,0.5409509550989855,0.5112352791776391,-1239.0,0.11935262708510537,248,11,80,1.652113961713147e-07,0.5100427059120604,0.8627622080115674,3,7.71800699380605e-05,4.17890272377219e-06,2405
0.01727100951201664,0.4828451190139311,0.5798633854215403,0.5112352791776391,-1791.0,0.11935262708510537,21,11,80,1.652113961713147e-07,0.5100427059120604,0.764526911140863,2,7.71800699380605e-05,4.17890272377219e-06,2408
0.017070407636381582,0.48851792211317585,0.5409509550989855,0.5112352791776391,-1239.0,0.11935262708510537,248,11,80,1.652113961713147e-07,0.5100427059120604,0.8627622080115674,3,7.71800699380605e-05,4.17890272377219e-06,2425
0.01727100951201664,0.4828451190139311,0.5798633854215403,0.5112352791776391,-1791.0,0.11935262708510537,21,11,80,1.652113961713147e-07,0.5100427059120604,0.764526911140863,2,7.71800699380605e-05,4.17890272377219e-06,2427
0.017213084921787435,0.48484798742874996,0.5583820128594152,0.5112352791776391,-1561.0,0.26690431824362526,41,11,56,0.000543520768739901,0.5100427059120604,0.5825453457757226,3,7.71800699380605e-05,4.17890272377219e-06,2435
0.017213084921787435,0.48484798742874996,0.5583820128594152,0.5112352791776391,-1561.0,0.26690431824362526,41,11,56,0.000543520768739901,0.5100427059120604,0.5825453457757226,3,7.71800699380605e-05,4.17890272377219e-06,2451
0.017213084921787435,0.48484798742874996,0.5583820128594152,0.5112352791776391,-1561.0,0.26690431824362526,41,11,56,0.000543520768739901,0.5100427059120604,0.5825453457757226,3,7.71800699380605e-05,4.17890272377219e-06,2454
0.017213084921787435,0.48484798742874996,0.5583820128594152,0.5112352791776391,-1561.0,0.26690431824362526,41,11,56,0.000543520768739901,0.5100427059120604,0.5825453457757226,3,7.71800699380605e-05,4.17890272377219e-06,2466
0.017002907534078154,0.4848416357025617,0.558796401502493,0.5112352791776391,-1326.0,0.04717052037625178,248,11,22,1.652113961713147e-07,0.5100427059120604,0.6640914962437607,2,7.71800699380605e-05,6.257956190096665e-08,2524
0.017002907534078154,0.4848416357025617,0.558796401502493,0.5112352791776391,-1326.0,0.04717052037625178,248,11,22,1.652113961713147e-07,0.5100427059120604,0.6640914962437607,2,7.71800699380605e-05,6.257956190096665e-08,2529
0.017002907534078154,0.4848416357025617,0.558796401502493,0.5112352791776391,-1326.0,0.04717052037625178,248,11,22,1.652113961713147e-07,0.5100427059120604,0.6640914962437607,2,7.71800699380605e-05,6.257956190096665e-08,2530
0.017002907534078154,0.4848416357025617,0.558796401502493,0.5112352791776391,-1326.0,0.04717052037625178,248,11,22,1.652113961713147e-07,0.5100427059120604,0.6640914962437607,2,7.71800699380605e-05,6.257956190096665e-08,2534
0.017002907534078154,0.4848416357025617,0.558796401502493,0.5112352791776391,-1326.0,0.04717052037625178,248,11,22,1.652113961713147e-07,0.5100427059120604,0.6640914962437607,2,7.71800699380605e-05,6.257956190096665e-08,2538
0.017002907534078154,0.4848416357025617,0.558796401502493,0.5112352791776391,-1326.0,0.04717052037625178,248,11,22,1.652113961713147e-07,0.5100427059120604,0.6640914962437607,2,7.71800699380605e-05,6.257956190096665e-08,2539
0.017002907534078154,0.4848416357025617,0.558796401502493,0.5112352791776391,-1326.0,0.04717052037625178,248,11,22,1.652113961713147e-07,0.5100427059120604,0.6640914962437607,2,7.71800699380605e-05,6.257956190096665e-08,2541
0.017002907534078154,0.4848416357025617,0.558796401502493,0.5112352791776391,-1326.0,0.04717052037625178,248,11,22,1.652113961713147e-07,0.5100427059120604,0.6640914962437607,2,7.71800699380605e-05,6.257956190096665e-08,2545
0.017002907534078154,0.4848416357025617,0.558796401502493,0.5112352791776391,-1326.0,0.04717052037625178,248,11,22,1.652113961713147e-07,0.5100427059120604,0.6640914962437607,2,7.71800699380605e-05,6.257956190096665e-08,2547
0.017002907534078154,0.4848416357025617,0.558796401502493,0.5112352791776391,-1326.0,0.04717052037625178,248,11,22,1.652113961713147e-07,0.5100427059120604,0.6640914962437607,2,7.71800699380605e-05,6.257956190096665e-08,2549
0.017002907534078154,0.4848416357025617,0.558796401502493,0.5112352791776391,-1326.0,0.04717052037625178,248,11,22,1.652113961713147e-07,0.5100427059120604,0.6640914962437607,2,7.71800699380605e-05,6.257956190096665e-08,2550
0.017002907534078154,0.4848416357025617,0.558796401502493,0.5112352791776391,-1326.0,0.04717052037625178,248,11,22,1.652113961713147e-07,0.5100427059120604,0.6640914962437607,2,7.71800699380605e-05,6.257956190096665e-08,2553
0.017002907534078154,0.4848416357025617,0.558796401502493,0.5112352791776391,-1326.0,0.04717052037625178,248,11,22,1.652113961713147e-07,0.5100427059120604,0.6640914962437607,2,7.71800699380605e-05,6.257956190096665e-08,2558
0.017002907534078154,0.4848416357025617,0.558796401502493,0.5112352791776391,-1326.0,0.04717052037625178,248,11,22,1.652113961713147e-07,0.5100427059120604,0.6640914962437607,2,7.71800699380605e-05,6.257956190096665e-08,2560
0.017002907534078154,0.4848416357025617,0.558796401502493,0.5112352791776391,-1326.0,0.04717052037625178,248,11,22,1.652113961713147e-07,0.5100427059120604,0.6640914962437607,2,7.71800699380605e-05,6.257956190096665e-08,2561
0.017002907534078154,0.4848416357025617,0.558796401502493,0.5112352791776391,-1326.0,0.04717052037625178,248,11,22,1.652113961713147e-07,0.5100427059120604,0.6640914962437607,2,7.71800699380605e-05,6.257956190096665e-08,2562
0.017043691586462136,0.4869391350299214,0.564958761646326,0.5112352791776391,-1655.0,0.056392399916675585,157,11,18,1.652113961713147e-07,0.5100427059120604,0.764526911140863,5,7.71800699380605e-05,1.4726456718740824,2566
0.017002907534078154,0.4848416357025617,0.558796401502493,0.5112352791776391,-1326.0,0.04717052037625178,248,11,22,1.652113961713147e-07,0.5100427059120604,0.6640914962437607,2,7.71800699380605e-05,6.257956190096665e-08,2567
0.017002907534078154,0.4848416357025617,0.558796401502493,0.5112352791776391,-1326.0,0.04717052037625178,248,11,22,1.652113961713147e-07,0.5100427059120604,0.6640914962437607,2,7.71800699380605e-05,6.257956190096665e-08,2573
0.017002907534078154,0.4848416357025617,0.558796401502493,0.5112352791776391,-1326.0,0.04717052037625178,248,11,22,1.652113961713147e-07,0.5100427059120604,0.6640914962437607,2,7.71800699380605e-05,6.257956190096665e-08,2575
0.017043691586462136,0.4869391350299214,0.564958761646326,0.5112352791776391,-1655.0,0.056392399916675585,157,11,18,1.652113961713147e-07,0.5100427059120604,0.764526911140863,5,7.71800699380605e-05,1.4726456718740824,2579
0.017043691586462136,0.4869391350299214,0.564958761646326,0.5112352791776391,-1655.0,0.056392399916675585,157,11,18,1.652113961713147e-07,0.5100427059120604,0.764526911140863,5,7.71800699380605e-05,1.4726456718740824,2583
0.017043691586462136,0.4869391350299214,0.564958761646326,0.5112352791776391,-1655.0,0.056392399916675585,157,11,18,1.652113961713147e-07,0.5100427059120604,0.764526911140863,5,7.71800699380605e-05,1.4726456718740824,2585
0.017002907534078154,0.4848416357025617,0.558796401502493,0.5112352791776391,-1326.0,0.04717052037625178,248,11,22,1.652113961713147e-07,0.5100427059120604,0.6640914962437607,2,7.71800699380605e-05,6.257956190096665e-08,2589
0.017043691586462136,0.4869391350299214,0.564958761646326,0.5112352791776391,-1655.0,0.056392399916675585,157,11,18,1.652113961713147e-07,0.5100427059120604,0.764526911140863,5,7.71800699380605e-05,1.4726456718740824,2590
0.01704443584040027,0.48392122419294864,0.5653865176649868,0.5112352791776391,-1305.0,0.04717052037625178,248,11,22,1.652113961713147e-07,0.5100427059120604,0.5825453457757226,5,7.71800699380605e-05,0.28749982347407854,2593
0.017074829992468434,0.4835260323321288,0.5819219612613455,0.5112352791776391,-1521.0,0.056392399916675585,190,9,22,1.652113961713147e-07,0.5100427059120604,0.764526911140863,3,7.71800699380605e-05,1.4726456718740824,2597
0.017074829992468434,0.4835260323321288,0.5819219612613455,0.5112352791776391,-1521.0,0.056392399916675585,190,9,22,1.652113961713147e-07,0.5100427059120604,0.764526911140863,3,7.71800699380605e-05,1.4726456718740824,2600
0.017074829992468434,0.4835260323321288,0.5819219612613455,0.5112352791776391,-1521.0,0.056392399916675585,190,9,22,1.652113961713147e-07,0.5100427059120604,0.764526911140863,3,7.71800699380605e-05,1.4726456718740824,2602
0.017074829992468434,0.4835260323321288,0.5819219612613455,0.5112352791776391,-1521.0,0.056392399916675585,190,9,22,1.652113961713147e-07,0.5100427059120604,0.764526911140863,3,7.71800699380605e-05,1.4726456718740824,2603
0.017074829992468434,0.4835260323321288,0.5819219612613455,0.5112352791776391,-1521.0,0.056392399916675585,190,9,22,1.652113961713147e-07,0.5100427059120604,0.764526911140863,3,7.71800699380605e-05,1.4726456718740824,2606
0.01704443584040027,0.48392122419294864,0.5653865176649868,0.5112352791776391,-1305.0,0.04717052037625178,248,11,22,1.652113961713147e-07,0.5100427059120604,0.5825453457757226,5,7.71800699380605e-05,0.28749982347407854,2608
0.017074829992468434,0.4835260323321288,0.5819219612613455,0.5112352791776391,-1521.0,0.056392399916675585,190,9,22,1.652113961713147e-07,0.5100427059120604,0.764526911140863,3,7.71800699380605e-05,1.4726456718740824,2615
0.017074829992468434,0.4835260323321288,0.5819219612613455,0.5112352791776391,-1521.0,0.056392399916675585,190,9,22,1.652113961713147e-07,0.5100427059120604,0.764526911140863,3,7.71800699380605e-05,1.4726456718740824,2618
0.017074829992468434,0.4835260323321288,0.5819219612613455,0.5112352791776391,-1521.0,0.056392399916675585,190,9,22,1.652113961713147e-07,0.5100427059120604,0.764526911140863,3,7.71800699380605e-05,1.4726456718740824,2620
0.01704443584040027,0.48392122419294864,0.5653865176649868,0.5112352791776391,-1305.0,0.04717052037625178,248,11,22,1.652113961713147e-07,0.5100427059120604,0.5825453457757226,5,7.71800699380605e-05,0.28749982347407854,2621
0.01704443584040027,0.48392122419294864,0.5653865176649868,0.5112352791776391,-1305.0,0.04717052037625178,248,11,22,1.652113961713147e-07,0.5100427059120604,0.5825453457757226,5,7.71800699380605e-05,0.28749982347407854,2623
0.017074829992468434,0.4835260323321288,0.5819219612613455,0.5112352791776391,-1521.0,0.056392399916675585,190,9,22,1.652113961713147e-07,0.5100427059120604,0.764526911140863,3,7.71800699380605e-05,1.4726456718740824,2629
0.017074829992468434,0.4835260323321288,0.5819219612613455,0.5112352791776391,-1521.0,0.056392399916675585,190,9,22,1.652113961713147e-07,0.5100427059120604,0.764526911140863,3,7.71800699380605e-05,1.4726456718740824,2630
0.017074829992468434,0.4835260323321288,0.5819219612613455,0.5112352791776391,-1521.0,0.056392399916675585,190,9,22,1.652113961713147e-07,0.5100427059120604,0.764526911140863,3,7.71800699380605e-05,1.4726456718740824,2644
0.0170813157931623,0.48757414094729606,0.5690892807015199,0.5112352791776391,-1675.0,0.04717052037625178,248,11,56,1.652113961713147e-07,0.5100427059120604,0.6462297538213778,5,7.71800699380605e-05,0.28749982347407854,2647
0.0170813157931623,0.48757414094729606,0.5690892807015199,0.5112352791776391,-1675.0,0.04717052037625178,248,11,56,1.652113961713147e-07,0.5100427059120604,0.6462297538213778,5,7.71800699380605e-05,0.28749982347407854,2649
0.0170813157931623,0.48757414094729606,0.5690892807015199,0.5112352791776391,-1675.0,0.04717052037625178,248,11,56,1.652113961713147e-07,0.5100427059120604,0.6462297538213778,5,7.71800699380605e-05,0.28749982347407854,2653
0.0170813157931623,0.48757414094729606,0.5690892807015199,0.5112352791776391,-1675.0,0.04717052037625178,248,11,56,1.652113961713147e-07,0.5100427059120604,0.6462297538213778,5,7.71800699380605e-05,0.28749982347407854,2660
0.017074829992468434,0.4835260323321288,0.5819219612613455,0.5112352791776391,-1521.0,0.056392399916675585,190,9,22,1.652113961713147e-07,0.5100427059120604,0.764526911140863,3,7.71800699380605e-05,1.4726456718740824,2666
0.0170813157931623,0.48757414094729606,0.5690892807015199,0.5112352791776391,-1675.0,0.04717052037625178,248,11,56,1.652113961713147e-07,0.5100427059120604,0.6462297538213778,5,7.71800699380605e-05,0.28749982347407854,2668
0.0170813157931623,0.48757414094729606,0.5690892807015199,0.5112352791776391,-1675.0,0.04717052037625178,248,11,56,1.652113961713147e-07,0.5100427059120604,0.6462297538213778,5,7.71800699380605e-05,0.28749982347407854,2669
0.017069358066114017,0.4865095929344768,0.5593578312769854,0.5112352791776391,-1504.0,0.08330803890301997,157,11,22,1.652113961713147e-07,0.5100427059120604,0.764526911140863,2,7.71800699380605e-05,4.17890272377219e-06,2681
0.017069358066114017,0.4865095929344768,0.5593578312769854,0.5112352791776391,-1504.0,0.08330803890301997,157,11,22,1.652113961713147e-07,0.5100427059120604,0.764526911140863,2,7.71800699380605e-05,4.17890272377219e-06,2688
0.017069358066114017,0.4865095929344768,0.5593578312769854,0.5112352791776391,-1504.0,0.08330803890301997,157,11,22,1.652113961713147e-07,0.5100427059120604,0.764526911140863,2,7.71800699380605e-05,4.17890272377219e-06,2693
0.017069358066114017,0.4865095929344768,0.5593578312769854,0.5112352791776391,-1504.0,0.08330803890301997,157,11,22,1.652113961713147e-07,0.5100427059120604,0.764526911140863,2,7.71800699380605e-05,4.17890272377219e-06,2696
0.017069358066114017,0.4865095929344768,0.5593578312769854,0.5112352791776391,-1504.0,0.08330803890301997,157,11,22,1.652113961713147e-07,0.5100427059120604,0.764526911140863,2,7.71800699380605e-05,4.17890272377219e-06,2697
0.017069358066114017,0.4865095929344768,0.5593578312769854,0.5112352791776391,-1504.0,0.08330803890301997,157,11,22,1.652113961713147e-07,0.5100427059120604,0.764526911140863,2,7.71800699380605e-05,4.17890272377219e-06,2698
0.017069358066114017,0.4865095929344768,0.5593578312769854,0.5112352791776391,-1504.0,0.08330803890301997,157,11,22,1.652113961713147e-07,0.5100427059120604,0.764526911140863,2,7.71800699380605e-05,4.17890272377219e-06,2701
0.017069358066114017,0.4865095929344768,0.5593578312769854,0.5112352791776391,-1504.0,0.08330803890301997,157,11,22,1.652113961713147e-07,0.5100427059120604,0.764526911140863,2,7.71800699380605e-05,4.17890272377219e-06,2703
0.017069358066114017,0.4865095929344768,0.5593578312769854,0.5112352791776391,-1504.0,0.08330803890301997,157,11,22,1.652113961713147e-07,0.5100427059120604,0.764526911140863,2,7.71800699380605e-05,4.17890272377219e-06,2704
0.017069358066114017,0.4865095929344768,0.5593578312769854,0.5112352791776391,-1504.0,0.08330803890301997,157,11,22,1.652113961713147e-07,0.5100427059120604,0.764526911140863,2,7.71800699380605e-05,4.17890272377219e-06,2705
0.017069358066114017,0.4865095929344768,0.5593578312769854,0.5112352791776391,-1504.0,0.08330803890301997,157,11,22,1.652113961713147e-07,0.5100427059120604,0.764526911140863,2,7.71800699380605e-05,4.17890272377219e-06,2708
0.017069358066114017,0.4865095929344768,0.5593578312769854,0.5112352791776391,-1504.0,0.08330803890301997,157,11,22,1.652113961713147e-07,0.5100427059120604,0.764526911140863,2,7.71800699380605e-05,4.17890272377219e-06,2711
0.017069358066114017,0.4865095929344768,0.5593578312769854,0.5112352791776391,-1504.0,0.08330803890301997,157,11,22,1.652113961713147e-07,0.5100427059120604,0.764526911140863,2,7.71800699380605e-05,4.17890272377219e-06,2714
0.017069358066114017,0.4865095929344768,0.5593578312769854,0.5112352791776391,-1504.0,0.08330803890301997,157,11,22,1.652113961713147e-07,0.5100427059120604,0.764526911140863,2,7.71800699380605e-05,4.17890272377219e-06,2716
0.01718219479817012,0.4860632631485965,0.5751045997139381,0.5112352791776391,-1848.0,0.26690431824362526,248,3,22,1.4800690175821863e-08,0.5100427059120604,0.5825453457757226,2,7.71800699380605e-05,4.17890272377219e-06,2717
0.017069358066114017,0.4865095929344768,0.5593578312769854,0.5112352791776391,-1504.0,0.08330803890301997,157,11,22,1.652113961713147e-07,0.5100427059120604,0.764526911140863,2,7.71800699380605e-05,4.17890272377219e-06,2718
0.017069358066114017,0.4865095929344768,0.5593578312769854,0.5112352791776391,-1504.0,0.08330803890301997,157,11,22,1.652113961713147e-07,0.5100427059120604,0.764526911140863,2,7.71800699380605e-05,4.17890272377219e-06,2721
0.017069358066114017,0.4865095929344768,0.5593578312769854,0.5112352791776391,-1504.0,0.08330803890301997,157,11,22,1.652113961713147e-07,0.5100427059120604,0.764526911140863,2,7.71800699380605e-05,4.17890272377219e-06,2722
0.017069358066114017,0.4865095929344768,0.5593578312769854,0.5112352791776391,-1504.0,0.08330803890301997,157,11,22,1.652113961713147e-07,0.5100427059120604,0.764526911140863,2,7.71800699380605e-05,4.17890272377219e-06,2724
0.017069358066114017,0.4865095929344768,0.5593578312769854,0.5112352791776391,-1504.0,0.08330803890301997,157,11,22,1.652113961713147e-07,0.5100427059120604,0.764526911140863,2,7.71800699380605e-05,4.17890272377219e-06,2725
0.017069358066114017,0.4865095929344768,0.5593578312769854,0.5112352791776391,-1504.0,0.08330803890301997,157,11,22,1.652113961713147e-07,0.5100427059120604,0.764526911140863,2,7.71800699380605e-05,4.17890272377219e-06,2728
0.017069358066114017,0.4865095929344768,0.5593578312769854,0.5112352791776391,-1504.0,0.08330803890301997,157,11,22,1.652113961713147e-07,0.5100427059120604,0.764526911140863,2,7.71800699380605e-05,4.17890272377219e-06,2729
0.017069358066114017,0.4865095929344768,0.5593578312769854,0.5112352791776391,-1504.0,0.08330803890301997,157,11,22,1.652113961713147e-07,0.5100427059120604,0.764526911140863,2,7.71800699380605e-05,4.17890272377219e-06,2733
0.017069358066114017,0.4865095929344768,0.5593578312769854,0.5112352791776391,-1504.0,0.08330803890301997,157,11,22,1.652113961713147e-07,0.5100427059120604,0.764526911140863,2,7.71800699380605e-05,4.17890272377219e-06,2734
0.017069358066114017,0.4865095929344768,0.5593578312769854,0.5112352791776391,-1504.0,0.08330803890301997,157,11,22,1.652113961713147e-07,0.5100427059120604,0.764526911140863,2,7.71800699380605e-05,4.17890272377219e-06,2735
0.01718219479817012,0.4860632631485965,0.5751045997139381,0.5112352791776391,-1848.0,0.26690431824362526,248,3,22,1.4800690175821863e-08,0.5100427059120604,0.5825453457757226,2,7.71800699380605e-05,4.17890272377219e-06,2737
0.017069358066114017,0.4865095929344768,0.5593578312769854,0.5112352791776391,-1504.0,0.08330803890301997,157,11,22,1.652113961713147e-07,0.5100427059120604,0.764526911140863,2,7.71800699380605e-05,4.17890272377219e-06,2742
0.01718219479817012,0.4860632631485965,0.5751045997139381,0.5112352791776391,-1848.0,0.26690431824362526,248,3,22,1.4800690175821863e-08,0.5100427059120604,0.5825453457757226,2,7.71800699380605e-05,4.17890272377219e-06,2748
0.017069358066114017,0.4865095929344768,0.5593578312769854,0.5112352791776391,-1504.0,0.08330803890301997,157,11,22,1.652113961713147e-07,0.5100427059120604,0.764526911140863,2,7.71800699380605e-05,4.17890272377219e-06,2749
0.017069358066114017,0.4865095929344768,0.5593578312769854,0.5112352791776391,-1504.0,0.08330803890301997,157,11,22,1.652113961713147e-07,0.5100427059120604,0.764526911140863,2,7.71800699380605e-05,4.17890272377219e-06,2751
0.017085399714319643,0.4836664697532863,0.5734604125172105,0.5112352791776391,-1549.0,0.04717052037625178,140,11,18,7.312812825322083e-06,0.5100427059120604,0.5825453457757226,3,7.71800699380605e-05,4.6876566400928895e-08,2753
0.01717061623596169,0.4908872662359919,0.5670975417396302,0.5112352791776391,-2113.0,0.11935262708510537,248,11,82,1.652113961713147e-07,0.5100427059120604,0.5827682615040224,3,7.71800699380605e-05,4.6876566400928895e-08,2836
0.01717061623596169,0.4908872662359919,0.5670975417396302,0.5112352791776391,-2113.0,0.11935262708510537,248,11,82,1.652113961713147e-07,0.5100427059120604,0.5827682615040224,3,7.71800699380605e-05,4.6876566400928895e-08,2838
0.01717061623596169,0.4908872662359919,0.5670975417396302,0.5112352791776391,-2113.0,0.11935262708510537,248,11,82,1.652113961713147e-07,0.5100427059120604,0.5827682615040224,3,7.71800699380605e-05,4.6876566400928895e-08,2839
0.01717061623596169,0.4908872662359919,0.5670975417396302,0.5112352791776391,-2113.0,0.11935262708510537,248,11,82,1.652113961713147e-07,0.5100427059120604,0.5827682615040224,3,7.71800699380605e-05,4.6876566400928895e-08,2841
0.01717061623596169,0.4908872662359919,0.5670975417396302,0.5112352791776391,-2113.0,0.11935262708510537,248,11,82,1.652113961713147e-07,0.5100427059120604,0.5827682615040224,3,7.71800699380605e-05,4.6876566400928895e-08,2844
0.017154267508515553,0.48655294164107454,0.5577938483337566,0.5112352791776391,-1596.0,0.11935262708510537,248,11,56,3.4096676385211893e-07,0.4188575114120406,0.5825453457757226,3,0.005341874754868531,4.17890272377219e-06,2845
0.01717061623596169,0.4908872662359919,0.5670975417396302,0.5112352791776391,-2113.0,0.11935262708510537,248,11,82,1.652113961713147e-07,0.5100427059120604,0.5827682615040224,3,7.71800699380605e-05,4.6876566400928895e-08,2847
0.01717061623596169,0.4908872662359919,0.5670975417396302,0.5112352791776391,-2113.0,0.11935262708510537,248,11,82,1.652113961713147e-07,0.5100427059120604,0.5827682615040224,3,7.71800699380605e-05,4.6876566400928895e-08,2848
0.01717061623596169,0.4908872662359919,0.5670975417396302,0.5112352791776391,-2113.0,0.11935262708510537,248,11,82,1.652113961713147e-07,0.5100427059120604,0.5827682615040224,3,7.71800699380605e-05,4.6876566400928895e-08,2849
0.01717061623596169,0.4908872662359919,0.5670975417396302,0.5112352791776391,-2113.0,0.11935262708510537,248,11,82,1.652113961713147e-07,0.5100427059120604,0.5827682615040224,3,7.71800699380605e-05,4.6876566400928895e-08,2853
0.017154267508515553,0.48655294164107454,0.5577938483337566,0.5112352791776391,-1596.0,0.11935262708510537,248,11,56,3.4096676385211893e-07,0.4188575114120406,0.5825453457757226,3,0.005341874754868531,4.17890272377219e-06,2854
0.01717061623596169,0.4908872662359919,0.5670975417396302,0.5112352791776391,-2113.0,0.11935262708510537,248,11,82,1.652113961713147e-07,0.5100427059120604,0.5827682615040224,3,7.71800699380605e-05,4.6876566400928895e-08,2859
0.01717061623596169,0.4908872662359919,0.5670975417396302,0.5112352791776391,-2113.0,0.11935262708510537,248,11,82,1.652113961713147e-07,0.5100427059120604,0.5827682615040224,3,7.71800699380605e-05,4.6876566400928895e-08,2860
0.01717061623596169,0.4908872662359919,0.5670975417396302,0.5112352791776391,-2113.0,0.11935262708510537,248,11,82,1.652113961713147e-07,0.5100427059120604,0.5827682615040224,3,7.71800699380605e-05,4.6876566400928895e-08,2863
0.01717061623596169,0.4908872662359919,0.5670975417396302,0.5112352791776391,-2113.0,0.11935262708510537,248,11,82,1.652113961713147e-07,0.5100427059120604,0.5827682615040224,3,7.71800699380605e-05,4.6876566400928895e-08,2864
0.01717061623596169,0.4908872662359919,0.5670975417396302,0.5112352791776391,-2113.0,0.11935262708510537,248,11,82,1.652113961713147e-07,0.5100427059120604,0.5827682615040224,3,7.71800699380605e-05,4.6876566400928895e-08,2868
0.01717061623596169,0.4908872662359919,0.5670975417396302,0.5112352791776391,-2113.0,0.11935262708510537,248,11,82,1.652113961713147e-07,0.5100427059120604,0.5827682615040224,3,7.71800699380605e-05,4.6876566400928895e-08,2872
0.01717061623596169,0.4908872662359919,0.5670975417396302,0.5112352791776391,-2113.0,0.11935262708510537,248,11,82,1.652113961713147e-07,0.5100427059120604,0.5827682615040224,3,7.71800699380605e-05,4.6876566400928895e-08,2876
0.01717061623596169,0.4908872662359919,0.5670975417396302,0.5112352791776391,-2113.0,0.11935262708510537,248,11,82,1.652113961713147e-07,0.5100427059120604,0.5827682615040224,3,7.71800699380605e-05,4.6876566400928895e-08,2879
0.01717061623596169,0.4908872662359919,0.5670975417396302,0.5112352791776391,-2113.0,0.11935262708510537,248,11,82,1.652113961713147e-07,0.5100427059120604,0.5827682615040224,3,7.71800699380605e-05,4.6876566400928895e-08,2883
0.01717061623596169,0.4908872662359919,0.5670975417396302,0.5112352791776391,-2113.0,0.11935262708510537,248,11,82,1.652113961713147e-07,0.5100427059120604,0.5827682615040224,3,7.71800699380605e-05,4.6876566400928895e-08,2884
0.017093220239483876,0.4893860273613723,0.5757061316151799,0.5112352791776391,-2289.0,0.26690431824362526,53,3,22,0.0012487520679495836,0.9578185914055438,0.5825453457757226,3,0.18753546777666233,0.2183498289760726,2892
0.017093220239483876,0.4893860273613723,0.5757061316151799,0.5112352791776391,-2289.0,0.26690431824362526,53,3,22,0.0012487520679495836,0.9578185914055438,0.5825453457757226,3,0.18753546777666233,0.2183498289760726,2900
0.01717061623596169,0.4908872662359919,0.5670975417396302,0.5112352791776391,-2113.0,0.11935262708510537,248,11,82,1.652113961713147e-07,0.5100427059120604,0.5827682615040224,3,7.71800699380605e-05,4.6876566400928895e-08,2901
0.017093220239483876,0.4893860273613723,0.5757061316151799,0.5112352791776391,-2289.0,0.26690431824362526,53,3,22,0.0012487520679495836,0.9578185914055438,0.5825453457757226,3,0.18753546777666233,0.2183498289760726,2902
0.017093220239483876,0.4893860273613723,0.5757061316151799,0.5112352791776391,-2289.0,0.26690431824362526,53,3,22,0.0012487520679495836,0.9578185914055438,0.5825453457757226,3,0.18753546777666233,0.2183498289760726,2908
0.017093220239483876,0.4893860273613723,0.5757061316151799,0.5112352791776391,-2289.0,0.26690431824362526,53,3,22,0.0012487520679495836,0.9578185914055438,0.5825453457757226,3,0.18753546777666233,0.2183498289760726,2909
0.01717061623596169,0.4908872662359919,0.5670975417396302,0.5112352791776391,-2113.0,0.11935262708510537,248,11,82,1.652113961713147e-07,0.5100427059120604,0.5827682615040224,3,7.71800699380605e-05,4.6876566400928895e-08,2910
0.017093220239483876,0.4893860273613723,0.5757061316151799,0.5112352791776391,-2289.0,0.26690431824362526,53,3,22,0.0012487520679495836,0.9578185914055438,0.5825453457757226,3,0.18753546777666233,0.2183498289760726,2913
0.0171299376416399,0.4893838689010201,0.5681000949083667,0.5112352791776391,-2289.0,0.26690431824362526,53,3,22,1.652113961713147e-07,0.9578185914055438,0.5825453457757226,3,0.18753546777666233,0.28749982347407854,2919
0.01717061623596169,0.4908872662359919,0.5670975417396302,0.5112352791776391,-2113.0,0.11935262708510537,248,11,82,1.652113961713147e-07,0.5100427059120604,0.5827682615040224,3,7.71800699380605e-05,4.6876566400928895e-08,2921
0.0171299376416399,0.4893838689010201,0.5681000949083667,0.5112352791776391,-2289.0,0.26690431824362526,53,3,22,1.652113961713147e-07,0.9578185914055438,0.5825453457757226,3,0.18753546777666233,0.28749982347407854,2924
0.0171299376416399,0.4893838689010201,0.5681000949083667,0.5112352791776391,-2289.0,0.26690431824362526,53,3,22,1.652113961713147e-07,0.9578185914055438,0.5825453457757226,3,0.18753546777666233,0.28749982347407854,2930
0.0171299376416399,0.4893838689010201,0.5681000949083667,0.5112352791776391,-2289.0,0.26690431824362526,53,3,22,1.652113961713147e-07,0.9578185914055438,0.5825453457757226,3,0.18753546777666233,0.28749982347407854,2933
0.0171299376416399,0.4893838689010201,0.5681000949083667,0.5112352791776391,-2289.0,0.26690431824362526,53,3,22,1.652113961713147e-07,0.9578185914055438,0.5825453457757226,3,0.18753546777666233,0.28749982347407854,2934
0.0171299376416399,0.4893838689010201,0.5681000949083667,0.5112352791776391,-2289.0,0.26690431824362526,53,3,22,1.652113961713147e-07,0.9578185914055438,0.5825453457757226,3,0.18753546777666233,0.28749982347407854,2939
0.0171299376416399,0.4893838689010201,0.5681000949083667,0.5112352791776391,-2289.0,0.26690431824362526,53,3,22,1.652113961713147e-07,0.9578185914055438,0.5825453457757226,3,0.18753546777666233,0.28749982347407854,2943
0.0171299376416399,0.4893838689010201,0.5681000949083667,0.5112352791776391,-2289.0,0.26690431824362526,53,3,22,1.652113961713147e-07,0.9578185914055438,0.5825453457757226,3,0.18753546777666233,0.28749982347407854,2944
0.0171299376416399,0.4893838689010201,0.5681000949083667,0.5112352791776391,-2289.0,0.26690431824362526,53,3,22,1.652113961713147e-07,0.9578185914055438,0.5825453457757226,3,0.18753546777666233,0.28749982347407854,2949
0.0171299376416399,0.4893838689010201,0.5681000949083667,0.5112352791776391,-2289.0,0.26690431824362526,53,3,22,1.652113961713147e-07,0.9578185914055438,0.5825453457757226,3,0.18753546777666233,0.28749982347407854,2960
0.01716293824484511,0.4869314816222295,0.5884318731703404,0.5112352791776391,-2036.0,0.22999586428143728,84,3,22,1.4800690175821863e-08,0.5100427059120604,0.5825453457757226,2,7.71800699380605e-05,4.17890272377219e-06,2970
0.01716293824484511,0.4869314816222295,0.5884318731703404,0.5112352791776391,-2036.0,0.22999586428143728,84,3,22,1.4800690175821863e-08,0.5100427059120604,0.5825453457757226,2,7.71800699380605e-05,4.17890272377219e-06,2985
0.0171299376416399,0.4893838689010201,0.5681000949083667,0.5112352791776391,-2289.0,0.26690431824362526,53,3,22,1.652113961713147e-07,0.9578185914055438,0.5825453457757226,3,0.18753546777666233,0.28749982347407854,2990
0.017051415973726808,0.4856968564641214,0.5672713176222113,0.5112352791776391,-1349.0,0.08330803890301997,239,11,18,1.652113961713147e-07,0.5100427059120604,0.764526911140863,2,7.71800699380605e-05,0.18753546777666233,3041
0.017051415973726808,0.4856968564641214,0.5672713176222113,0.5112352791776391,-1349.0,0.08330803890301997,239,11,18,1.652113961713147e-07,0.5100427059120604,0.764526911140863,2,7.71800699380605e-05,0.18753546777666233,3056
0.017051415973726808,0.4856968564641214,0.5672713176222113,0.5112352791776391,-1349.0,0.08330803890301997,239,11,18,1.652113961713147e-07,0.5100427059120604,0.764526911140863,2,7.71800699380605e-05,0.18753546777666233,3057
0.017051415973726808,0.4856968564641214,0.5672713176222113,0.5112352791776391,-1349.0,0.08330803890301997,239,11,18,1.652113961713147e-07,0.5100427059120604,0.764526911140863,2,7.71800699380605e-05,0.18753546777666233,3071
0.0171962101506577,0.49295478984325636,0.5335587964015025,0.5112352791776391,-1773.0,0.26690431824362526,89,11,82,1.652113961713147e-07,0.5100427059120604,0.5825453457757226,3,1.254134495897175e-07,4.17890272377219e-06,3102
0.0171962101506577,0.49295478984325636,0.5335587964015025,0.5112352791776391,-1773.0,0.26690431824362526,89,11,82,1.652113961713147e-07,0.5100427059120604,0.5825453457757226,3,1.254134495897175e-07,4.17890272377219e-06,3103
0.0171962101506577,0.49295478984325636,0.5335587964015025,0.5112352791776391,-1773.0,0.26690431824362526,89,11,82,1.652113961713147e-07,0.5100427059120604,0.5825453457757226,3,1.254134495897175e-07,4.17890272377219e-06,3107
0.0171962101506577,0.49295478984325636,0.5335587964015025,0.5112352791776391,-1773.0,0.26690431824362526,89,11,82,1.652113961713147e-07,0.5100427059120604,0.5825453457757226,3,1.254134495897175e-07,4.17890272377219e-06,3108
0.0171962101506577,0.49295478984325636,0.5335587964015025,0.5112352791776391,-1773.0,0.26690431824362526,89,11,82,1.652113961713147e-07,0.5100427059120604,0.5825453457757226,3,1.254134495897175e-07,4.17890272377219e-06,3109
0.0171962101506577,0.49295478984325636,0.5335587964015025,0.5112352791776391,-1773.0,0.26690431824362526,89,11,82,1.652113961713147e-07,0.5100427059120604,0.5825453457757226,3,1.254134495897175e-07,4.17890272377219e-06,3111
0.0171962101506577,0.49295478984325636,0.5335587964015025,0.5112352791776391,-1773.0,0.26690431824362526,89,11,82,1.652113961713147e-07,0.5100427059120604,0.5825453457757226,3,1.254134495897175e-07,4.17890272377219e-06,3113
0.0171962101506577,0.49295478984325636,0.5335587964015025,0.5112352791776391,-1773.0,0.26690431824362526,89,11,82,1.652113961713147e-07,0.5100427059120604,0.5825453457757226,3,1.254134495897175e-07,4.17890272377219e-06,3115
0.0171962101506577,0.49295478984325636,0.5335587964015025,0.5112352791776391,-1773.0,0.26690431824362526,89,11,82,1.652113961713147e-07,0.5100427059120604,0.5825453457757226,3,1.254134495897175e-07,4.17890272377219e-06,3117
0.0171962101506577,0.49295478984325636,0.5335587964015025,0.5112352791776391,-1773.0,0.26690431824362526,89,11,82,1.652113961713147e-07,0.5100427059120604,0.5825453457757226,3,1.254134495897175e-07,4.17890272377219e-06,3118
0.0171962101506577,0.49295478984325636,0.5335587964015025,0.5112352791776391,-1773.0,0.26690431824362526,89,11,82,1.652113961713147e-07,0.5100427059120604,0.5825453457757226,3,1.254134495897175e-07,4.17890272377219e-06,3121
0.0171962101506577,0.49295478984325636,0.5335587964015025,0.5112352791776391,-1773.0,0.26690431824362526,89,11,82,1.652113961713147e-07,0.5100427059120604,0.5825453457757226,3,1.254134495897175e-07,4.17890272377219e-06,3127
0.0171962101506577,0.49295478984325636,0.5335587964015025,0.5112352791776391,-1773.0,0.26690431824362526,89,11,82,1.652113961713147e-07,0.5100427059120604,0.5825453457757226,3,1.254134495897175e-07,4.17890272377219e-06,3128
0.0171962101506577,0.49295478984325636,0.5335587964015025,0.5112352791776391,-1773.0,0.26690431824362526,89,11,82,1.652113961713147e-07,0.5100427059120604,0.5825453457757226,3,1.254134495897175e-07,4.17890272377219e-06,3134
0.0171962101506577,0.49295478984325636,0.5335587964015025,0.5112352791776391,-1773.0,0.26690431824362526,89,11,82,1.652113961713147e-07,0.5100427059120604,0.5825453457757226,3,1.254134495897175e-07,4.17890272377219e-06,3137
0.0171962101506577,0.49295478984325636,0.5335587964015025,0.5112352791776391,-1773.0,0.26690431824362526,89,11,82,1.652113961713147e-07,0.5100427059120604,0.5825453457757226,3,1.254134495897175e-07,4.17890272377219e-06,3138
0.0171962101506577,0.49295478984325636,0.5335587964015025,0.5112352791776391,-1773.0,0.26690431824362526,89,11,82,1.652113961713147e-07,0.5100427059120604,0.5825453457757226,3,1.254134495897175e-07,4.17890272377219e-06,3139
0.0171962101506577,0.49295478984325636,0.5335587964015025,0.5112352791776391,-1773.0,0.26690431824362526,89,11,82,1.652113961713147e-07,0.5100427059120604,0.5825453457757226,3,1.254134495897175e-07,4.17890272377219e-06,3144
0.0171962101506577,0.49295478984325636,0.5335587964015025,0.5112352791776391,-1773.0,0.26690431824362526,89,11,82,1.652113961713147e-07,0.5100427059120604,0.5825453457757226,3,1.254134495897175e-07,4.17890272377219e-06,3145
0.0171962101506577,0.49295478984325636,0.5335587964015025,0.5112352791776391,-1773.0,0.26690431824362526,89,11,82,1.652113961713147e-07,0.5100427059120604,0.5825453457757226,3,1.254134495897175e-07,4.17890272377219e-06,3147
0.0171962101506577,0.49295478984325636,0.5335587964015025,0.5112352791776391,-1773.0,0.26690431824362526,89,11,82,1.652113961713147e-07,0.5100427059120604,0.5825453457757226,3,1.254134495897175e-07,4.17890272377219e-06,3150
0.0171962101506577,0.49295478984325636,0.5335587964015025,0.5112352791776391,-1773.0,0.26690431824362526,89,11,82,1.652113961713147e-07,0.5100427059120604,0.5825453457757226,3,1.254134495897175e-07,4.17890272377219e-06,3152
0.0171962101506577,0.49295478984325636,0.5335587964015025,0.5112352791776391,-1773.0,0.26690431824362526,89,11,82,1.652113961713147e-07,0.5100427059120604,0.5825453457757226,3,1.254134495897175e-07,4.17890272377219e-06,3155
0.0171962101506577,0.49295478984325636,0.5335587964015025,0.5112352791776391,-1773.0,0.26690431824362526,89,11,82,1.652113961713147e-07,0.5100427059120604,0.5825453457757226,3,1.254134495897175e-07,4.17890272377219e-06,3157
0.01754337024067459,0.5122891386839118,0.5304174631394618,0.5112352791776391,-2140.0,0.26690431824362526,248,11,18,1.652113961713147e-07,0.44473038620786254,0.5825453457757226,3,7.71800699380605e-05,0.28749982347407854,3169
0.01754337024067459,0.5122891386839118,0.5304174631394618,0.5112352791776391,-2140.0,0.26690431824362526,248,11,18,1.652113961713147e-07,0.44473038620786254,0.5825453457757226,3,7.71800699380605e-05,0.28749982347407854,3174
0.01754337024067459,0.5122891386839118,0.5304174631394618,0.5112352791776391,-2140.0,0.26690431824362526,248,11,18,1.652113961713147e-07,0.44473038620786254,0.5825453457757226,3,7.71800699380605e-05,0.28749982347407854,3176
0.01754337024067459,0.5122891386839118,0.5304174631394618,0.5112352791776391,-2140.0,0.26690431824362526,248,11,18,1.652113961713147e-07,0.44473038620786254,0.5825453457757226,3,7.71800699380605e-05,0.28749982347407854,3180
0.01754337024067459,0.5122891386839118,0.5304174631394618,0.5112352791776391,-2140.0,0.26690431824362526,248,11,18,1.652113961713147e-07,0.44473038620786254,0.5825453457757226,3,7.71800699380605e-05,0.28749982347407854,3186
0.01754337024067459,0.5122891386839118,0.5304174631394618,0.5112352791776391,-2140.0,0.26690431824362526,248,11,18,1.652113961713147e-07,0.44473038620786254,0.5825453457757226,3,7.71800699380605e-05,0.28749982347407854,3190
0.01754337024067459,0.5122891386839118,0.5304174631394618,0.5112352791776391,-2140.0,0.26690431824362526,248,11,18,1.652113961713147e-07,0.44473038620786254,0.5825453457757226,3,7.71800699380605e-05,0.28749982347407854,3195
0.01754337024067459,0.5122891386839118,0.5304174631394618,0.5112352791776391,-2140.0,0.26690431824362526,248,11,18,1.652113961713147e-07,0.44473038620786254,0.5825453457757226,3,7.71800699380605e-05,0.28749982347407854,3196
0.01754337024067459,0.5122891386839118,0.5304174631394618,0.5112352791776391,-2140.0,0.26690431824362526,248,11,18,1.652113961713147e-07,0.44473038620786254,0.5825453457757226,3,7.71800699380605e-05,0.28749982347407854,3201
0.01754337024067459,0.5122891386839118,0.5304174631394618,0.5112352791776391,-2140.0,0.26690431824362526,248,11,18,1.652113961713147e-07,0.44473038620786254,0.5825453457757226,3,7.71800699380605e-05,0.28749982347407854,3217
0.01754337024067459,0.5122891386839118,0.5304174631394618,0.5112352791776391,-2140.0,0.26690431824362526,248,11,18,1.652113961713147e-07,0.44473038620786254,0.5825453457757226,3,7.71800699380605e-05,0.28749982347407854,3219
0.01754337024067459,0.5122891386839118,0.5304174631394618,0.5112352791776391,-2140.0,0.26690431824362526,248,11,18,1.652113961713147e-07,0.44473038620786254,0.5825453457757226,3,7.71800699380605e-05,0.28749982347407854,3227
0.017014749703107714,0.4909804960317896,0.5531286342552366,0.5112352791776391,-1787.0,0.08330803890301997,157,11,18,1.652113961713147e-07,0.536761097525165,0.6562646731757538,5,7.71800699380605e-05,0.23021461620759875,3401
0.017349931646849268,0.4945499412528728,0.5385581948696012,0.5112352791776391,-1839.0,0.26690431824362526,157,11,18,1.652113961713147e-07,0.44473038620786254,0.5825453457757226,3,7.71800699380605e-05,4.17890272377219e-06,3452
0.017349931646849268,0.4945499412528728,0.5385581948696012,0.5112352791776391,-1839.0,0.26690431824362526,157,11,18,1.652113961713147e-07,0.44473038620786254,0.5825453457757226,3,7.71800699380605e-05,4.17890272377219e-06,3454
0.017349931646849268,0.4945499412528728,0.5385581948696012,0.5112352791776391,-1839.0,0.26690431824362526,157,11,18,1.652113961713147e-07,0.44473038620786254,0.5825453457757226,3,7.71800699380605e-05,4.17890272377219e-06,3479
0.017408346619805597,0.5051397300214179,0.5506155676456042,0.5112352791776391,-2400.0,0.26690431824362526,89,11,82,1.652113961713147e-07,0.9578185914055438,0.9774683769652668,3,0.18753546777666233,4.17890272377219e-06,3888
0.017408346619805597,0.5051397300214179,0.5506155676456042,0.5112352791776391,-2400.0,0.26690431824362526,89,11,82,1.652113961713147e-07,0.9578185914055438,0.9774683769652668,3,0.18753546777666233,4.17890272377219e-06,3910
0.017408346619805597,0.5051397300214179,0.5506155676456042,0.5112352791776391,-2400.0,0.26690431824362526,89,11,82,1.652113961713147e-07,0.9578185914055438,0.9774683769652668,3,0.18753546777666233,4.17890272377219e-06,3915
0.017408346619805597,0.5051397300214179,0.5506155676456042,0.5112352791776391,-2400.0,0.26690431824362526,89,11,82,1.652113961713147e-07,0.9578185914055438,0.9774683769652668,3,0.18753546777666233,4.17890272377219e-06,3937
0.017408346619805597,0.5051397300214179,0.5506155676456042,0.5112352791776391,-2400.0,0.26690431824362526,89,11,82,1.652113961713147e-07,0.9578185914055438,0.9774683769652668,3,0.18753546777666233,4.17890272377219e-06,3938
0.017408346619805597,0.5051397300214179,0.5506155676456042,0.5112352791776391,-2400.0,0.26690431824362526,89,11,82,1.652113961713147e-07,0.9578185914055438,0.9774683769652668,3,0.18753546777666233,4.17890272377219e-06,3945
0.017408346619805597,0.5051397300214179,0.5506155676456042,0.5112352791776391,-2400.0,0.26690431824362526,89,11,82,1.652113961713147e-07,0.9578185914055438,0.9774683769652668,3,0.18753546777666233,4.17890272377219e-06,3950
0.017408346619805597,0.5051397300214179,0.5506155676456042,0.5112352791776391,-2400.0,0.26690431824362526,89,11,82,1.652113961713147e-07,0.9578185914055438,0.9774683769652668,3,0.18753546777666233,4.17890272377219e-06,3951
0.017408346619805597,0.5051397300214179,0.5506155676456042,0.5112352791776391,-2400.0,0.26690431824362526,89,11,82,1.652113961713147e-07,0.9578185914055438,0.9774683769652668,3,0.18753546777666233,4.17890272377219e-06,3953
0.017408346619805597,0.5051397300214179,0.5506155676456042,0.5112352791776391,-2400.0,0.26690431824362526,89,11,82,1.652113961713147e-07,0.9578185914055438,0.9774683769652668,3,0.18753546777666233,4.17890272377219e-06,3966
0.01720000080410617,0.4866365768536164,0.5897418759774893,0.5112352791776391,-1867.0,0.08330803890301997,248,11,56,1.652113961713147e-07,0.5100427059120604,0.5510693774952184,3,3.21972053981427e-06,0.23021461620759875,3970
0.017408346619805597,0.5051397300214179,0.5506155676456042,0.5112352791776391,-2400.0,0.26690431824362526,89,11,82,1.652113961713147e-07,0.9578185914055438,0.9774683769652668,3,0.18753546777666233,4.17890272377219e-06,3973
0.017408346619805597,0.5051397300214179,0.5506155676456042,0.5112352791776391,-2400.0,0.26690431824362526,89,11,82,1.652113961713147e-07,0.9578185914055438,0.9774683769652668,3,0.18753546777666233,4.17890272377219e-06,3979
0.017408346619805597,0.5051397300214179,0.5506155676456042,0.5112352791776391,-2400.0,0.26690431824362526,89,11,82,1.652113961713147e-07,0.9578185914055438,0.9774683769652668,3,0.18753546777666233,4.17890272377219e-06,3985
0.01720000080410617,0.4866365768536164,0.5897418759774893,0.5112352791776391,-1867.0,0.08330803890301997,248,11,56,1.652113961713147e-07,0.5100427059120604,0.5510693774952184,3,3.21972053981427e-06,0.23021461620759875,3987
0.01720000080410617,0.4866365768536164,0.5897418759774893,0.5112352791776391,-1867.0,0.08330803890301997,248,11,56,1.652113961713147e-07,0.5100427059120604,0.5510693774952184,3,3.21972053981427e-06,0.23021461620759875,3993
0.01720000080410617,0.4866365768536164,0.5897418759774893,0.5112352791776391,-1867.0,0.08330803890301997,248,11,56,1.652113961713147e-07,0.5100427059120604,0.5510693774952184,3,3.21972053981427e-06,0.23021461620759875,3996
0.017408346619805597,0.5051397300214179,0.5506155676456042,0.5112352791776391,-2400.0,0.26690431824362526,89,11,82,1.652113961713147e-07,0.9578185914055438,0.9774683769652668,3,0.18753546777666233,4.17890272377219e-06,3999
0.01720000080410617,0.4866365768536164,0.5897418759774893,0.5112352791776391,-1867.0,0.08330803890301997,248,11,56,1.652113961713147e-07,0.5100427059120604,0.5510693774952184,3,3.21972053981427e-06,0.23021461620759875,4002
0.01720000080410617,0.4866365768536164,0.5897418759774893,0.5112352791776391,-1867.0,0.08330803890301997,248,11,56,1.652113961713147e-07,0.5100427059120604,0.5510693774952184,3,3.21972053981427e-06,0.23021461620759875,4017
0.017408346619805597,0.5051397300214179,0.5506155676456042,0.5112352791776391,-2400.0,0.26690431824362526,89,11,82,1.652113961713147e-07,0.9578185914055438,0.9774683769652668,3,0.18753546777666233,4.17890272377219e-06,4019
0.0171299376416399,0.4893838689010201,0.5681000949083667,0.5112352791776391,-2289.0,0.26690431824362526,53,3,22,1.652113961713147e-07,0.9578185914055438,0.5825453457757226,3,0.18753546777666233,0.28749982347407854,4135
0.0171299376416399,0.4893838689010201,0.5681000949083667,0.5112352791776391,-2289.0,0.26690431824362526,53,3,22,1.652113961713147e-07,0.9578185914055438,0.5825453457757226,3,0.18753546777666233,0.28749982347407854,4137
0.0171299376416399,0.4893838689010201,0.5681000949083667,0.5112352791776391,-2289.0,0.26690431824362526,53,3,22,1.652113961713147e-07,0.9578185914055438,0.5825453457757226,3,0.18753546777666233,0.28749982347407854,4140
0.0171299376416399,0.4893838689010201,0.5681000949083667,0.5112352791776391,-2289.0,0.26690431824362526,53,3,22,1.652113961713147e-07,0.9578185914055438,0.5825453457757226,3,0.18753546777666233,0.28749982347407854,4143
0.0171299376416399,0.4893838689010201,0.5681000949083667,0.5112352791776391,-2289.0,0.26690431824362526,53,3,22,1.652113961713147e-07,0.9578185914055438,0.5825453457757226,3,0.18753546777666233,0.28749982347407854,4146
0.0171299376416399,0.4893838689010201,0.5681000949083667,0.5112352791776391,-2289.0,0.26690431824362526,53,3,22,1.652113961713147e-07,0.9578185914055438,0.5825453457757226,3,0.18753546777666233,0.28749982347407854,4151
0.0171299376416399,0.4893838689010201,0.5681000949083667,0.5112352791776391,-2289.0,0.26690431824362526,53,3,22,1.652113961713147e-07,0.9578185914055438,0.5825453457757226,3,0.18753546777666233,0.28749982347407854,4156
0.0171299376416399,0.4893838689010201,0.5681000949083667,0.5112352791776391,-2289.0,0.26690431824362526,53,3,22,1.652113961713147e-07,0.9578185914055438,0.5825453457757226,3,0.18753546777666233,0.28749982347407854,4158
0.0171299376416399,0.4893838689010201,0.5681000949083667,0.5112352791776391,-2289.0,0.26690431824362526,53,3,22,1.652113961713147e-07,0.9578185914055438,0.5825453457757226,3,0.18753546777666233,0.28749982347407854,4160
0.0171299376416399,0.4893838689010201,0.5681000949083667,0.5112352791776391,-2289.0,0.26690431824362526,53,3,22,1.652113961713147e-07,0.9578185914055438,0.5825453457757226,3,0.18753546777666233,0.28749982347407854,4167
0.0171299376416399,0.4893838689010201,0.5681000949083667,0.5112352791776391,-2289.0,0.26690431824362526,53,3,22,1.652113961713147e-07,0.9578185914055438,0.5825453457757226,3,0.18753546777666233,0.28749982347407854,4171
0.0171299376416399,0.4893838689010201,0.5681000949083667,0.5112352791776391,-2289.0,0.26690431824362526,53,3,22,1.652113961713147e-07,0.9578185914055438,0.5825453457757226,3,0.18753546777666233,0.28749982347407854,4186
0.0171299376416399,0.4893838689010201,0.5681000949083667,0.5112352791776391,-2289.0,0.26690431824362526,53,3,22,1.652113961713147e-07,0.9578185914055438,0.5825453457757226,3,0.18753546777666233,0.28749982347407854,4193
0.0171299376416399,0.4893838689010201,0.5681000949083667,0.5112352791776391,-2289.0,0.26690431824362526,53,3,22,1.652113961713147e-07,0.9578185914055438,0.5825453457757226,3,0.18753546777666233,0.28749982347407854,4202
0.01708523658128889,0.48762551246853647,0.5782593003515619,0.5112352791776391,-1789.0,0.04717052037625178,248,11,22,1.4800690175821863e-08,0.5100427059120604,0.5825453457757226,3,0.005341874754868531,0.28749982347407854,4213
0.01708523658128889,0.48762551246853647,0.5782593003515619,0.5112352791776391,-1789.0,0.04717052037625178,248,11,22,1.4800690175821863e-08,0.5100427059120604,0.5825453457757226,3,0.005341874754868531,0.28749982347407854,4234
0.01708523658128889,0.48762551246853647,0.5782593003515619,0.5112352791776391,-1789.0,0.04717052037625178,248,11,22,1.4800690175821863e-08,0.5100427059120604,0.5825453457757226,3,0.005341874754868531,0.28749982347407854,4235
0.01708523658128889,0.48762551246853647,0.5782593003515619,0.5112352791776391,-1789.0,0.04717052037625178,248,11,22,1.4800690175821863e-08,0.5100427059120604,0.5825453457757226,3,0.005341874754868531,0.28749982347407854,4251
0.01708523658128889,0.48762551246853647,0.5782593003515619,0.5112352791776391,-1789.0,0.04717052037625178,248,11,22,1.4800690175821863e-08,0.5100427059120604,0.5825453457757226,3,0.005341874754868531,0.28749982347407854,4252
0.01708523658128889,0.48762551246853647,0.5782593003515619,0.5112352791776391,-1789.0,0.04717052037625178,248,11,22,1.4800690175821863e-08,0.5100427059120604,0.5825453457757226,3,0.005341874754868531,0.28749982347407854,4253
0.01708523658128889,0.48762551246853647,0.5782593003515619,0.5112352791776391,-1789.0,0.04717052037625178,248,11,22,1.4800690175821863e-08,0.5100427059120604,0.5825453457757226,3,0.005341874754868531,0.28749982347407854,4255
0.01708523658128889,0.48762551246853647,0.5782593003515619,0.5112352791776391,-1789.0,0.04717052037625178,248,11,22,1.4800690175821863e-08,0.5100427059120604,0.5825453457757226,3,0.005341874754868531,0.28749982347407854,4261
0.01708523658128889,0.48762551246853647,0.5782593003515619,0.5112352791776391,-1789.0,0.04717052037625178,248,11,22,1.4800690175821863e-08,0.5100427059120604,0.5825453457757226,3,0.005341874754868531,0.28749982347407854,4263
0.01708523658128889,0.48762551246853647,0.5782593003515619,0.5112352791776391,-1789.0,0.04717052037625178,248,11,22,1.4800690175821863e-08,0.5100427059120604,0.5825453457757226,3,0.005341874754868531,0.28749982347407854,4264
0.01708523658128889,0.48762551246853647,0.5782593003515619,0.5112352791776391,-1789.0,0.04717052037625178,248,11,22,1.4800690175821863e-08,0.5100427059120604,0.5825453457757226,3,0.005341874754868531,0.28749982347407854,4267
0.01708523658128889,0.48762551246853647,0.5782593003515619,0.5112352791776391,-1789.0,0.04717052037625178,248,11,22,1.4800690175821863e-08,0.5100427059120604,0.5825453457757226,3,0.005341874754868531,0.28749982347407854,4271
0.01708523658128889,0.48762551246853647,0.5782593003515619,0.5112352791776391,-1789.0,0.04717052037625178,248,11,22,1.4800690175821863e-08,0.5100427059120604,0.5825453457757226,3,0.005341874754868531,0.28749982347407854,4273
0.01708523658128889,0.48762551246853647,0.5782593003515619,0.5112352791776391,-1789.0,0.04717052037625178,248,11,22,1.4800690175821863e-08,0.5100427059120604,0.5825453457757226,3,0.005341874754868531,0.28749982347407854,4274
0.01708523658128889,0.48762551246853647,0.5782593003515619,0.5112352791776391,-1789.0,0.04717052037625178,248,11,22,1.4800690175821863e-08,0.5100427059120604,0.5825453457757226,3,0.005341874754868531,0.28749982347407854,4276
0.01708523658128889,0.48762551246853647,0.5782593003515619,0.5112352791776391,-1789.0,0.04717052037625178,248,11,22,1.4800690175821863e-08,0.5100427059120604,0.5825453457757226,3,0.005341874754868531,0.28749982347407854,4285
0.01708523658128889,0.48762551246853647,0.5782593003515619,0.5112352791776391,-1789.0,0.04717052037625178,248,11,22,1.4800690175821863e-08,0.5100427059120604,0.5825453457757226,3,0.005341874754868531,0.28749982347407854,4288
0.01708523658128889,0.48762551246853647,0.5782593003515619,0.5112352791776391,-1789.0,0.04717052037625178,248,11,22,1.4800690175821863e-08,0.5100427059120604,0.5825453457757226,3,0.005341874754868531,0.28749982347407854,4291
0.0175743337559867,0.500813434579157,0.5523533264714139,0.5112352791776391,-2473.0,0.26690431824362526,248,11,18,1.652113961713147e-07,0.5100427059120604,0.5825453457757226,3,0.003062520509464317,4.17890272377219e-06,4294
0.0175743337559867,0.500813434579157,0.5523533264714139,0.5112352791776391,-2473.0,0.26690431824362526,248,11,18,1.652113961713147e-07,0.5100427059120604,0.5825453457757226,3,0.003062520509464317,4.17890272377219e-06,4295
0.0170343937526763,0.48896329911208886,0.580197569811119,0.5112352791776391,-2012.0,0.08589984533104164,157,8,18,1.652113961713147e-07,0.5100427059120604,0.5825453457757226,3,7.71800699380605e-05,4.17890272377219e-06,4538
0.0170343937526763,0.48896329911208886,0.580197569811119,0.5112352791776391,-2012.0,0.08589984533104164,157,8,18,1.652113961713147e-07,0.5100427059120604,0.5825453457757226,3,7.71800699380605e-05,4.17890272377219e-06,4544
0.0170343937526763,0.48896329911208886,0.580197569811119,0.5112352791776391,-2012.0,0.08589984533104164,157,8,18,1.652113961713147e-07,0.5100427059120604,0.5825453457757226,3,7.71800699380605e-05,4.17890272377219e-06,4567
0.01732890537326027,0.5025564730518184,0.5476212755149781,0.5112352791776391,-2157.0,0.26690431824362526,248,11,82,1.652113961713147e-07,0.5100427059120604,0.5825453457757226,3,7.71800699380605e-05,0.28749982347407854,4628
0.01732890537326027,0.5025564730518184,0.5476212755149781,0.5112352791776391,-2157.0,0.26690431824362526,248,11,82,1.652113961713147e-07,0.5100427059120604,0.5825453457757226,3,7.71800699380605e-05,0.28749982347407854,4630
0.01732890537326027,0.5025564730518184,0.5476212755149781,0.5112352791776391,-2157.0,0.26690431824362526,248,11,82,1.652113961713147e-07,0.5100427059120604,0.5825453457757226,3,7.71800699380605e-05,0.28749982347407854,4639
0.01732890537326027,0.5025564730518184,0.5476212755149781,0.5112352791776391,-2157.0,0.26690431824362526,248,11,82,1.652113961713147e-07,0.5100427059120604,0.5825453457757226,3,7.71800699380605e-05,0.28749982347407854,4663
0.01732890537326027,0.5025564730518184,0.5476212755149781,0.5112352791776391,-2157.0,0.26690431824362526,248,11,82,1.652113961713147e-07,0.5100427059120604,0.5825453457757226,3,7.71800699380605e-05,0.28749982347407854,4664
0.01732890537326027,0.5025564730518184,0.5476212755149781,0.5112352791776391,-2157.0,0.26690431824362526,248,11,82,1.652113961713147e-07,0.5100427059120604,0.5825453457757226,3,7.71800699380605e-05,0.28749982347407854,4678
0.01732890537326027,0.5025564730518184,0.5476212755149781,0.5112352791776391,-2157.0,0.26690431824362526,248,11,82,1.652113961713147e-07,0.5100427059120604,0.5825453457757226,3,7.71800699380605e-05,0.28749982347407854,4683
0.01732890537326027,0.5025564730518184,0.5476212755149781,0.5112352791776391,-2157.0,0.26690431824362526,248,11,82,1.652113961713147e-07,0.5100427059120604,0.5825453457757226,3,7.71800699380605e-05,0.28749982347407854,4684
0.01732890537326027,0.5025564730518184,0.5476212755149781,0.5112352791776391,-2157.0,0.26690431824362526,248,11,82,1.652113961713147e-07,0.5100427059120604,0.5825453457757226,3,7.71800699380605e-05,0.28749982347407854,4690
0.017308356503178173,0.49562405695339595,0.5391730941464262,0.5112352791776391,-1987.0,0.26690431824362526,248,11,18,1.652113961713147e-07,0.4271363733463229,0.8627622080115674,3,7.71800699380605e-05,4.17890272377219e-06,4698
0.017308356503178173,0.49562405695339595,0.5391730941464262,0.5112352791776391,-1987.0,0.26690431824362526,248,11,18,1.652113961713147e-07,0.4271363733463229,0.8627622080115674,3,7.71800699380605e-05,4.17890272377219e-06,4711
0.017308356503178173,0.49562405695339595,0.5391730941464262,0.5112352791776391,-1987.0,0.26690431824362526,248,11,18,1.652113961713147e-07,0.4271363733463229,0.8627622080115674,3,7.71800699380605e-05,4.17890272377219e-06,4716
0.017251224325029776,0.490638872350195,0.5500675052466949,0.5112352791776391,-1868.0,0.26690431824362526,248,8,82,1.652113961713147e-07,0.8844640930984375,0.5825453457757226,3,7.71800699380605e-05,4.6876566400928895e-08,4736
0.017308356503178173,0.49562405695339595,0.5391730941464262,0.5112352791776391,-1987.0,0.26690431824362526,248,11,18,1.652113961713147e-07,0.4271363733463229,0.8627622080115674,3,7.71800699380605e-05,4.17890272377219e-06,4751
0.017251224325029776,0.490638872350195,0.5500675052466949,0.5112352791776391,-1868.0,0.26690431824362526,248,8,82,1.652113961713147e-07,0.8844640930984375,0.5825453457757226,3,7.71800699380605e-05,4.6876566400928895e-08,4760
0.017308356503178173,0.49562405695339595,0.5391730941464262,0.5112352791776391,-1987.0,0.26690431824362526,248,11,18,1.652113961713147e-07,0.4271363733463229,0.8627622080115674,3,7.71800699380605e-05,4.17890272377219e-06,4761
0.017251224325029776,0.490638872350195,0.5500675052466949,0.5112352791776391,-1868.0,0.26690431824362526,248,8,82,1.652113961713147e-07,0.8844640930984375,0.5825453457757226,3,7.71800699380605e-05,4.6876566400928895e-08,4763
0.017308356503178173,0.49562405695339595,0.5391730941464262,0.5112352791776391,-1987.0,0.26690431824362526,248,11,18,1.652113961713147e-07,0.4271363733463229,0.8627622080115674,3,7.71800699380605e-05,4.17890272377219e-06,4769
0.017251224325029776,0.490638872350195,0.5500675052466949,0.5112352791776391,-1868.0,0.26690431824362526,248,8,82,1.652113961713147e-07,0.8844640930984375,0.5825453457757226,3,7.71800699380605e-05,4.6876566400928895e-08,4780
0.017121623860847663,0.4840144240881003,0.5656137630499004,0.5112352791776391,-1306.0,0.08330803890301997,72,11,18,1.652113961713147e-07,0.5100427059120604,0.764526911140863,2,7.71800699380605e-05,4.17890272377219e-06,4781
0.017121623860847663,0.4840144240881003,0.5656137630499004,0.5112352791776391,-1306.0,0.08330803890301997,72,11,18,1.652113961713147e-07,0.5100427059120604,0.764526911140863,2,7.71800699380605e-05,4.17890272377219e-06,4784
0.017251224325029776,0.490638872350195,0.5500675052466949,0.5112352791776391,-1868.0,0.26690431824362526,248,8,82,1.652113961713147e-07,0.8844640930984375,0.5825453457757226,3,7.71800699380605e-05,4.6876566400928895e-08,4788
0.017251224325029776,0.490638872350195,0.5500675052466949,0.5112352791776391,-1868.0,0.26690431824362526,248,8,82,1.652113961713147e-07,0.8844640930984375,0.5825453457757226,3,7.71800699380605e-05,4.6876566400928895e-08,4789
0.017251224325029776,0.490638872350195,0.5500675052466949,0.5112352791776391,-1868.0,0.26690431824362526,248,8,82,1.652113961713147e-07,0.8844640930984375,0.5825453457757226,3,7.71800699380605e-05,4.6876566400928895e-08,4793
0.017121623860847663,0.4840144240881003,0.5656137630499004,0.5112352791776391,-1306.0,0.08330803890301997,72,11,18,1.652113961713147e-07,0.5100427059120604,0.764526911140863,2,7.71800699380605e-05,4.17890272377219e-06,4794
0.017251224325029776,0.490638872350195,0.5500675052466949,0.5112352791776391,-1868.0,0.26690431824362526,248,8,82,1.652113961713147e-07,0.8844640930984375,0.5825453457757226,3,7.71800699380605e-05,4.6876566400928895e-08,4804
0.017251224325029776,0.490638872350195,0.5500675052466949,0.5112352791776391,-1868.0,0.26690431824362526,248,8,82,1.652113961713147e-07,0.8844640930984375,0.5825453457757226,3,7.71800699380605e-05,4.6876566400928895e-08,4808
0.017251224325029776,0.490638872350195,0.5500675052466949,0.5112352791776391,-1868.0,0.26690431824362526,248,8,82,1.652113961713147e-07,0.8844640930984375,0.5825453457757226,3,7.71800699380605e-05,4.6876566400928895e-08,4810
0.017251224325029776,0.490638872350195,0.5500675052466949,0.5112352791776391,-1868.0,0.26690431824362526,248,8,82,1.652113961713147e-07,0.8844640930984375,0.5825453457757226,3,7.71800699380605e-05,4.6876566400928895e-08,4812
0.017121623860847663,0.4840144240881003,0.5656137630499004,0.5112352791776391,-1306.0,0.08330803890301997,72,11,18,1.652113961713147e-07,0.5100427059120604,0.764526911140863,2,7.71800699380605e-05,4.17890272377219e-06,4814
0.017251224325029776,0.490638872350195,0.5500675052466949,0.5112352791776391,-1868.0,0.26690431824362526,248,8,82,1.652113961713147e-07,0.8844640930984375,0.5825453457757226,3,7.71800699380605e-05,4.6876566400928895e-08,4815
0.017251224325029776,0.490638872350195,0.5500675052466949,0.5112352791776391,-1868.0,0.26690431824362526,248,8,82,1.652113961713147e-07,0.8844640930984375,0.5825453457757226,3,7.71800699380605e-05,4.6876566400928895e-08,4817
0.017121623860847663,0.4840144240881003,0.5656137630499004,0.5112352791776391,-1306.0,0.08330803890301997,72,11,18,1.652113961713147e-07,0.5100427059120604,0.764526911140863,2,7.71800699380605e-05,4.17890272377219e-06,4818
0.017251224325029776,0.490638872350195,0.5500675052466949,0.5112352791776391,-1868.0,0.26690431824362526,248,8,82,1.652113961713147e-07,0.8844640930984375,0.5825453457757226,3,7.71800699380605e-05,4.6876566400928895e-08,4825
0.017251224325029776,0.490638872350195,0.5500675052466949,0.5112352791776391,-1868.0,0.26690431824362526,248,8,82,1.652113961713147e-07,0.8844640930984375,0.5825453457757226,3,7.71800699380605e-05,4.6876566400928895e-08,4827
0.017251224325029776,0.490638872350195,0.5500675052466949,0.5112352791776391,-1868.0,0.26690431824362526,248,8,82,1.652113961713147e-07,0.8844640930984375,0.5825453457757226,3,7.71800699380605e-05,4.6876566400928895e-08,4828
0.017251224325029776,0.490638872350195,0.5500675052466949,0.5112352791776391,-1868.0,0.26690431824362526,248,8,82,1.652113961713147e-07,0.8844640930984375,0.5825453457757226,3,7.71800699380605e-05,4.6876566400928895e-08,4829
0.017251224325029776,0.490638872350195,0.5500675052466949,0.5112352791776391,-1868.0,0.26690431824362526,248,8,82,1.652113961713147e-07,0.8844640930984375,0.5825453457757226,3,7.71800699380605e-05,4.6876566400928895e-08,4830
0.017121623860847663,0.4840144240881003,0.5656137630499004,0.5112352791776391,-1306.0,0.08330803890301997,72,11,18,1.652113961713147e-07,0.5100427059120604,0.764526911140863,2,7.71800699380605e-05,4.17890272377219e-06,4834
0.017251224325029776,0.490638872350195,0.5500675052466949,0.5112352791776391,-1868.0,0.26690431824362526,248,8,82,1.652113961713147e-07,0.8844640930984375,0.5825453457757226,3,7.71800699380605e-05,4.6876566400928895e-08,4836
0.017251224325029776,0.490638872350195,0.5500675052466949,0.5112352791776391,-1868.0,0.26690431824362526,248,8,82,1.652113961713147e-07,0.8844640930984375,0.5825453457757226,3,7.71800699380605e-05,4.6876566400928895e-08,4843
0.017251224325029776,0.490638872350195,0.5500675052466949,0.5112352791776391,-1868.0,0.26690431824362526,248,8,82,1.652113961713147e-07,0.8844640930984375,0.5825453457757226,3,7.71800699380605e-05,4.6876566400928895e-08,4846
0.017121623860847663,0.4840144240881003,0.5656137630499004,0.5112352791776391,-1306.0,0.08330803890301997,72,11,18,1.652113961713147e-07,0.5100427059120604,0.764526911140863,2,7.71800699380605e-05,4.17890272377219e-06,4848
0.017251224325029776,0.490638872350195,0.5500675052466949,0.5112352791776391,-1868.0,0.26690431824362526,248,8,82,1.652113961713147e-07,0.8844640930984375,0.5825453457757226,3,7.71800699380605e-05,4.6876566400928895e-08,4850
0.017121623860847663,0.4840144240881003,0.5656137630499004,0.5112352791776391,-1306.0,0.08330803890301997,72,11,18,1.652113961713147e-07,0.5100427059120604,0.764526911140863,2,7.71800699380605e-05,4.17890272377219e-06,4852
0.017251224325029776,0.490638872350195,0.5500675052466949,0.5112352791776391,-1868.0,0.26690431824362526,248,8,82,1.652113961713147e-07,0.8844640930984375,0.5825453457757226,3,7.71800699380605e-05,4.6876566400928895e-08,4856
0.017121623860847663,0.4840144240881003,0.5656137630499004,0.5112352791776391,-1306.0,0.08330803890301997,72,11,18,1.652113961713147e-07,0.5100427059120604,0.764526911140863,2,7.71800699380605e-05,4.17890272377219e-06,4866
0.017121623860847663,0.4840144240881003,0.5656137630499004,0.5112352791776391,-1306.0,0.08330803890301997,72,11,18,1.652113961713147e-07,0.5100427059120604,0.764526911140863,2,7.71800699380605e-05,4.17890272377219e-06,4871
0.017121623860847663,0.4840144240881003,0.5656137630499004,0.5112352791776391,-1306.0,0.08330803890301997,72,11,18,1.652113961713147e-07,0.5100427059120604,0.764526911140863,2,7.71800699380605e-05,4.17890272377219e-06,4873
0.017121623860847663,0.4840144240881003,0.5656137630499004,0.5112352791776391,-1306.0,0.08330803890301997,72,11,18,1.652113961713147e-07,0.5100427059120604,0.764526911140863,2,7.71800699380605e-05,4.17890272377219e-06,4899
0.017121623860847663,0.4840144240881003,0.5656137630499004,0.5112352791776391,-1306.0,0.08330803890301997,72,11,18,1.652113961713147e-07,0.5100427059120604,0.764526911140863,2,7.71800699380605e-05,4.17890272377219e-06,4915
0.017121623860847663,0.4840144240881003,0.5656137630499004,0.5112352791776391,-1306.0,0.08330803890301997,72,11,18,1.652113961713147e-07,0.5100427059120604,0.764526911140863,2,7.71800699380605e-05,4.17890272377219e-06,4928
0.01705004714405722,0.4839678854745024,0.596131481506236,0.5112352791776391,-1421.0,0.11935262708510537,24,3,18,1.652113961713147e-07,0.5100427059120604,0.764526911140863,3,0.18753546777666233,4.17890272377219e-06,4955
0.017110325375917827,0.4822351037943183,0.5911320830381371,0.5112352791776391,-1328.0,0.08330803890301997,248,3,18,1.652113961713147e-07,0.5100427059120604,0.9011814973535428,3,1.4102316596654226e-08,4.17890272377219e-06,4988
0.017110325375917827,0.4822351037943183,0.5911320830381371,0.5112352791776391,-1328.0,0.08330803890301997,248,3,18,1.652113961713147e-07,0.5100427059120604,0.9011814973535428,3,1.4102316596654226e-08,4.17890272377219e-06,5018
0.017110325375917827,0.4822351037943183,0.5911320830381371,0.5112352791776391,-1328.0,0.08330803890301997,248,3,18,1.652113961713147e-07,0.5100427059120604,0.9011814973535428,3,1.4102316596654226e-08,4.17890272377219e-06,5020
0.017528053596540995,0.49273647570494533,0.554304963306554,0.5112352791776391,-1915.0,0.26690431824362526,157,11,22,1.4800690175821863e-08,0.5100427059120604,0.6562646731757538,5,7.71800699380605e-05,1.0926019638459743e-06,5102
0.017291882510965206,0.4877116739663847,0.5535029207715649,0.5112352791776391,-1749.0,0.26690431824362526,84,11,18,1.652113961713147e-07,0.5100427059120604,0.8627622080115674,2,7.71800699380605e-05,0.000663700518115767,5132
0.017291882510965206,0.4877116739663847,0.5535029207715649,0.5112352791776391,-1749.0,0.26690431824362526,84,11,18,1.652113961713147e-07,0.5100427059120604,0.8627622080115674,2,7.71800699380605e-05,0.000663700518115767,5159
0.01738176059659655,0.49490661918900325,0.5440254514831103,0.5112352791776391,-1953.0,0.26690431824362526,134,11,56,3.896982759798968e-06,0.44473038620786254,0.5825453457757226,3,7.71800699380605e-05,0.28749982347407854,5193
0.01738176059659655,0.49490661918900325,0.5440254514831103,0.5112352791776391,-1953.0,0.26690431824362526,134,11,56,3.896982759798968e-06,0.44473038620786254,0.5825453457757226,3,7.71800699380605e-05,0.28749982347407854,5210
0.01738176059659655,0.49490661918900325,0.5440254514831103,0.5112352791776391,-1953.0,0.26690431824362526,134,11,56,3.896982759798968e-06,0.44473038620786254,0.5825453457757226,3,7.71800699380605e-05,0.28749982347407854,5213
0.01738176059659655,0.49490661918900325,0.5440254514831103,0.5112352791776391,-1953.0,0.26690431824362526,134,11,56,3.896982759798968e-06,0.44473038620786254,0.5825453457757226,3,7.71800699380605e-05,0.28749982347407854,5217
0.01738176059659655,0.49490661918900325,0.5440254514831103,0.5112352791776391,-1953.0,0.26690431824362526,134,11,56,3.896982759798968e-06,0.44473038620786254,0.5825453457757226,3,7.71800699380605e-05,0.28749982347407854,5222
0.01738176059659655,0.49490661918900325,0.5440254514831103,0.5112352791776391,-1953.0,0.26690431824362526,134,11,56,3.896982759798968e-06,0.44473038620786254,0.5825453457757226,3,7.71800699380605e-05,0.28749982347407854,5224
0.01738176059659655,0.49490661918900325,0.5440254514831103,0.5112352791776391,-1953.0,0.26690431824362526,134,11,56,3.896982759798968e-06,0.44473038620786254,0.5825453457757226,3,7.71800699380605e-05,0.28749982347407854,5244
0.01738176059659655,0.49490661918900325,0.5440254514831103,0.5112352791776391,-1953.0,0.26690431824362526,134,11,56,3.896982759798968e-06,0.44473038620786254,0.5825453457757226,3,7.71800699380605e-05,0.28749982347407854,5257
0.01738176059659655,0.49490661918900325,0.5440254514831103,0.5112352791776391,-1953.0,0.26690431824362526,134,11,56,3.896982759798968e-06,0.44473038620786254,0.5825453457757226,3,7.71800699380605e-05,0.28749982347407854,5258
0.01738176059659655,0.49490661918900325,0.5440254514831103,0.5112352791776391,-1953.0,0.26690431824362526,134,11,56,3.896982759798968e-06,0.44473038620786254,0.5825453457757226,3,7.71800699380605e-05,0.28749982347407854,5272
0.01738176059659655,0.49490661918900325,0.5440254514831103,0.5112352791776391,-1953.0,0.26690431824362526,134,11,56,3.896982759798968e-06,0.44473038620786254,0.5825453457757226,3,7.71800699380605e-05,0.28749982347407854,5280
0.01738176059659655,0.49490661918900325,0.5440254514831103,0.5112352791776391,-1953.0,0.26690431824362526,134,11,56,3.896982759798968e-06,0.44473038620786254,0.5825453457757226,3,7.71800699380605e-05,0.28749982347407854,5285
0.01738176059659655,0.49490661918900325,0.5440254514831103,0.5112352791776391,-1953.0,0.26690431824362526,134,11,56,3.896982759798968e-06,0.44473038620786254,0.5825453457757226,3,7.71800699380605e-05,0.28749982347407854,5299
0.017308356503178173,0.49562405695339595,0.5391730941464262,0.5112352791776391,-1987.0,0.26690431824362526,248,11,18,1.652113961713147e-07,0.4271363733463229,0.8627622080115674,3,7.71800699380605e-05,4.17890272377219e-06,5385
0.017308356503178173,0.49562405695339595,0.5391730941464262,0.5112352791776391,-1987.0,0.26690431824362526,248,11,18,1.652113961713147e-07,0.4271363733463229,0.8627622080115674,3,7.71800699380605e-05,4.17890272377219e-06,5391
0.017308356503178173,0.49562405695339595,0.5391730941464262,0.5112352791776391,-1987.0,0.26690431824362526,248,11,18,1.652113961713147e-07,0.4271363733463229,0.8627622080115674,3,7.71800699380605e-05,4.17890272377219e-06,5407
0.017308356503178173,0.49562405695339595,0.5391730941464262,0.5112352791776391,-1987.0,0.26690431824362526,248,11,18,1.652113961713147e-07,0.4271363733463229,0.8627622080115674,3,7.71800699380605e-05,4.17890272377219e-06,5412
0.017308356503178173,0.49562405695339595,0.5391730941464262,0.5112352791776391,-1987.0,0.26690431824362526,248,11,18,1.652113961713147e-07,0.4271363733463229,0.8627622080115674,3,7.71800699380605e-05,4.17890272377219e-06,5424
0.017308356503178173,0.49562405695339595,0.5391730941464262,0.5112352791776391,-1987.0,0.26690431824362526,248,11,18,1.652113961713147e-07,0.4271363733463229,0.8627622080115674,3,7.71800699380605e-05,4.17890272377219e-06,5425
0.017540455276022143,0.49580346128401837,0.5679263190257857,0.5112352791776391,-2303.0,0.26690431824362526,248,11,18,1.652113961713147e-07,0.5100427059120604,0.764526911140863,2,7.71800699380605e-05,4.17890272377219e-06,5426
0.017308356503178173,0.49562405695339595,0.5391730941464262,0.5112352791776391,-1987.0,0.26690431824362526,248,11,18,1.652113961713147e-07,0.4271363733463229,0.8627622080115674,3,7.71800699380605e-05,4.17890272377219e-06,5434
0.017308356503178173,0.49562405695339595,0.5391730941464262,0.5112352791776391,-1987.0,0.26690431824362526,248,11,18,1.652113961713147e-07,0.4271363733463229,0.8627622080115674,3,7.71800699380605e-05,4.17890272377219e-06,5438
0.017308356503178173,0.49562405695339595,0.5391730941464262,0.5112352791776391,-1987.0,0.26690431824362526,248,11,18,1.652113961713147e-07,0.4271363733463229,0.8627622080115674,3,7.71800699380605e-05,4.17890272377219e-06,5441
0.017308356503178173,0.49562405695339595,0.5391730941464262,0.5112352791776391,-1987.0,0.26690431824362526,248,11,18,1.652113961713147e-07,0.4271363733463229,0.8627622080115674,3,7.71800699380605e-05,4.17890272377219e-06,5444
0.017249837971059962,0.48849793967581195,0.5441190231121924,0.5112352791776391,-1625.0,0.26690431824362526,89,11,82,1.652113961713147e-07,0.5100427059120604,0.764526911140863,3,0.2264643274129281,4.6876566400928895e-08,5447
0.017308356503178173,0.49562405695339595,0.5391730941464262,0.5112352791776391,-1987.0,0.26690431824362526,248,11,18,1.652113961713147e-07,0.4271363733463229,0.8627622080115674,3,7.71800699380605e-05,4.17890272377219e-06,5451
0.017308356503178173,0.49562405695339595,0.5391730941464262,0.5112352791776391,-1987.0,0.26690431824362526,248,11,18,1.652113961713147e-07,0.4271363733463229,0.8627622080115674,3,7.71800699380605e-05,4.17890272377219e-06,5453
0.017249837971059962,0.48849793967581195,0.5441190231121924,0.5112352791776391,-1625.0,0.26690431824362526,89,11,82,1.652113961713147e-07,0.5100427059120604,0.764526911140863,3,0.2264643274129281,4.6876566400928895e-08,5456
0.017308356503178173,0.49562405695339595,0.5391730941464262,0.5112352791776391,-1987.0,0.26690431824362526,248,11,18,1.652113961713147e-07,0.4271363733463229,0.8627622080115674,3,7.71800699380605e-05,4.17890272377219e-06,5457
0.017308356503178173,0.49562405695339595,0.5391730941464262,0.5112352791776391,-1987.0,0.26690431824362526,248,11,18,1.652113961713147e-07,0.4271363733463229,0.8627622080115674,3,7.71800699380605e-05,4.17890272377219e-06,5460
0.017308356503178173,0.49562405695339595,0.5391730941464262,0.5112352791776391,-1987.0,0.26690431824362526,248,11,18,1.652113961713147e-07,0.4271363733463229,0.8627622080115674,3,7.71800699380605e-05,4.17890272377219e-06,5461
0.017249837971059962,0.48849793967581195,0.5441190231121924,0.5112352791776391,-1625.0,0.26690431824362526,89,11,82,1.652113961713147e-07,0.5100427059120604,0.764526911140863,3,0.2264643274129281,4.6876566400928895e-08,5462
0.017308356503178173,0.49562405695339595,0.5391730941464262,0.5112352791776391,-1987.0,0.26690431824362526,248,11,18,1.652113961713147e-07,0.4271363733463229,0.8627622080115674,3,7.71800699380605e-05,4.17890272377219e-06,5472
0.017308356503178173,0.49562405695339595,0.5391730941464262,0.5112352791776391,-1987.0,0.26690431824362526,248,11,18,1.652113961713147e-07,0.4271363733463229,0.8627622080115674,3,7.71800699380605e-05,4.17890272377219e-06,5474
0.017308356503178173,0.49562405695339595,0.5391730941464262,0.5112352791776391,-1987.0,0.26690431824362526,248,11,18,1.652113961713147e-07,0.4271363733463229,0.8627622080115674,3,7.71800699380605e-05,4.17890272377219e-06,5477
0.017249837971059962,0.48849793967581195,0.5441190231121924,0.5112352791776391,-1625.0,0.26690431824362526,89,11,82,1.652113961713147e-07,0.5100427059120604,0.764526911140863,3,0.2264643274129281,4.6876566400928895e-08,5481
0.017308356503178173,0.49562405695339595,0.5391730941464262,0.5112352791776391,-1987.0,0.26690431824362526,248,11,18,1.652113961713147e-07,0.4271363733463229,0.8627622080115674,3,7.71800699380605e-05,4.17890272377219e-06,5483
0.017249837971059962,0.48849793967581195,0.5441190231121924,0.5112352791776391,-1625.0,0.26690431824362526,89,11,82,1.652113961713147e-07,0.5100427059120604,0.764526911140863,3,0.2264643274129281,4.6876566400928895e-08,5487
0.017308356503178173,0.49562405695339595,0.5391730941464262,0.5112352791776391,-1987.0,0.26690431824362526,248,11,18,1.652113961713147e-07,0.4271363733463229,0.8627622080115674,3,7.71800699380605e-05,4.17890272377219e-06,5489
0.017308356503178173,0.49562405695339595,0.5391730941464262,0.5112352791776391,-1987.0,0.26690431824362526,248,11,18,1.652113961713147e-07,0.4271363733463229,0.8627622080115674,3,7.71800699380605e-05,4.17890272377219e-06,5495
0.017308356503178173,0.49562405695339595,0.5391730941464262,0.5112352791776391,-1987.0,0.26690431824362526,248,11,18,1.652113961713147e-07,0.4271363733463229,0.8627622080115674,3,7.71800699380605e-05,4.17890272377219e-06,5496
0.017249837971059962,0.48849793967581195,0.5441190231121924,0.5112352791776391,-1625.0,0.26690431824362526,89,11,82,1.652113961713147e-07,0.5100427059120604,0.764526911140863,3,0.2264643274129281,4.6876566400928895e-08,5497
0.017249837971059962,0.48849793967581195,0.5441190231121924,0.5112352791776391,-1625.0,0.26690431824362526,89,11,82,1.652113961713147e-07,0.5100427059120604,0.764526911140863,3,0.2264643274129281,4.6876566400928895e-08,5498
0.017249837971059962,0.48849793967581195,0.5441190231121924,0.5112352791776391,-1625.0,0.26690431824362526,89,11,82,1.652113961713147e-07,0.5100427059120604,0.764526911140863,3,0.2264643274129281,4.6876566400928895e-08,5501
0.017249837971059962,0.48849793967581195,0.5441190231121924,0.5112352791776391,-1625.0,0.26690431824362526,89,11,82,1.652113961713147e-07,0.5100427059120604,0.764526911140863,3,0.2264643274129281,4.6876566400928895e-08,5503
0.017308356503178173,0.49562405695339595,0.5391730941464262,0.5112352791776391,-1987.0,0.26690431824362526,248,11,18,1.652113961713147e-07,0.4271363733463229,0.8627622080115674,3,7.71800699380605e-05,4.17890272377219e-06,5504
0.017308356503178173,0.49562405695339595,0.5391730941464262,0.5112352791776391,-1987.0,0.26690431824362526,248,11,18,1.652113961713147e-07,0.4271363733463229,0.8627622080115674,3,7.71800699380605e-05,4.17890272377219e-06,5505
0.017151555098722033,0.4914416937366667,0.5364060474007137,0.5112352791776391,-1575.0,0.26690431824362526,89,11,82,1.652113961713147e-07,0.5100427059120604,0.5825453457757226,7,1.254134495897175e-07,4.17890272377219e-06,5507
0.017249837971059962,0.48849793967581195,0.5441190231121924,0.5112352791776391,-1625.0,0.26690431824362526,89,11,82,1.652113961713147e-07,0.5100427059120604,0.764526911140863,3,0.2264643274129281,4.6876566400928895e-08,5508
0.017249837971059962,0.48849793967581195,0.5441190231121924,0.5112352791776391,-1625.0,0.26690431824362526,89,11,82,1.652113961713147e-07,0.5100427059120604,0.764526911140863,3,0.2264643274129281,4.6876566400928895e-08,5536
0.017249837971059962,0.48849793967581195,0.5441190231121924,0.5112352791776391,-1625.0,0.26690431824362526,89,11,82,1.652113961713147e-07,0.5100427059120604,0.764526911140863,3,0.2264643274129281,4.6876566400928895e-08,5546
0.017249837971059962,0.48849793967581195,0.5441190231121924,0.5112352791776391,-1625.0,0.26690431824362526,89,11,82,1.652113961713147e-07,0.5100427059120604,0.764526911140863,3,0.2264643274129281,4.6876566400928895e-08,5548
0.017249837971059962,0.48849793967581195,0.5441190231121924,0.5112352791776391,-1625.0,0.26690431824362526,89,11,82,1.652113961713147e-07,0.5100427059120604,0.764526911140863,3,0.2264643274129281,4.6876566400928895e-08,5564
0.017249837971059962,0.48849793967581195,0.5441190231121924,0.5112352791776391,-1625.0,0.26690431824362526,89,11,82,1.652113961713147e-07,0.5100427059120604,0.764526911140863,3,0.2264643274129281,4.6876566400928895e-08,5572
0.017249837971059962,0.48849793967581195,0.5441190231121924,0.5112352791776391,-1625.0,0.26690431824362526,89,11,82,1.652113961713147e-07,0.5100427059120604,0.764526911140863,3,0.2264643274129281,4.6876566400928895e-08,5578
0.017249837971059962,0.48849793967581195,0.5441190231121924,0.5112352791776391,-1625.0,0.26690431824362526,89,11,82,1.652113961713147e-07,0.5100427059120604,0.764526911140863,3,0.2264643274129281,4.6876566400928895e-08,5591
0.017146538551260963,0.4849086988310839,0.5665895814674705,0.5112352791776391,-1607.0,0.08330803890301997,89,6,83,1.652113961713147e-07,0.5100427059120604,0.46808411274435346,2,1.0790237065789294,0.18753546777666233,5592
0.01727226372949833,0.49562405695339595,0.5437714713470304,0.5112352791776391,-1987.0,0.26690431824362526,248,11,18,0.0012649313545381893,0.4271363733463229,0.8627622080115674,3,7.71800699380605e-05,4.17890272377219e-06,5595
0.017247460437191095,0.49596209080557246,0.5312328730500341,0.5112352791776391,-1577.0,0.26690431824362526,89,11,91,1.652113961713147e-07,0.5100427059120604,0.5825453457757226,4,1.254134495897175e-07,0.004987846910873203,5598
0.017146538551260963,0.4849086988310839,0.5665895814674705,0.5112352791776391,-1607.0,0.08330803890301997,89,6,83,1.652113961713147e-07,0.5100427059120604,0.46808411274435346,2,1.0790237065789294,0.18753546777666233,5604
0.017247460437191095,0.49596209080557246,0.5312328730500341,0.5112352791776391,-1577.0,0.26690431824362526,89,11,91,1.652113961713147e-07,0.5100427059120604,0.5825453457757226,4,1.254134495897175e-07,0.004987846910873203,5610
0.017247460437191095,0.49596209080557246,0.5312328730500341,0.5112352791776391,-1577.0,0.26690431824362526,89,11,91,1.652113961713147e-07,0.5100427059120604,0.5825453457757226,4,1.254134495897175e-07,0.004987846910873203,5620
0.017146538551260963,0.4849086988310839,0.5665895814674705,0.5112352791776391,-1607.0,0.08330803890301997,89,6,83,1.652113961713147e-07,0.5100427059120604,0.46808411274435346,2,1.0790237065789294,0.18753546777666233,5627
0.017146538551260963,0.4849086988310839,0.5665895814674705,0.5112352791776391,-1607.0,0.08330803890301997,89,6,83,1.652113961713147e-07,0.5100427059120604,0.46808411274435346,2,1.0790237065789294,0.18753546777666233,5628
0.017247460437191095,0.49596209080557246,0.5312328730500341,0.5112352791776391,-1577.0,0.26690431824362526,89,11,91,1.652113961713147e-07,0.5100427059120604,0.5825453457757226,4,1.254134495897175e-07,0.004987846910873203,5642
0.017247460437191095,0.49596209080557246,0.5312328730500341,0.5112352791776391,-1577.0,0.26690431824362526,89,11,91,1.652113961713147e-07,0.5100427059120604,0.5825453457757226,4,1.254134495897175e-07,0.004987846910873203,5643
0.017247460437191095,0.49596209080557246,0.5312328730500341,0.5112352791776391,-1577.0,0.26690431824362526,89,11,91,1.652113961713147e-07,0.5100427059120604,0.5825453457757226,4,1.254134495897175e-07,0.004987846910873203,5652
0.017247460437191095,0.49596209080557246,0.5312328730500341,0.5112352791776391,-1577.0,0.26690431824362526,89,11,91,1.652113961713147e-07,0.5100427059120604,0.5825453457757226,4,1.254134495897175e-07,0.004987846910873203,5656
0.017247460437191095,0.49596209080557246,0.5312328730500341,0.5112352791776391,-1577.0,0.26690431824362526,89,11,91,1.652113961713147e-07,0.5100427059120604,0.5825453457757226,4,1.254134495897175e-07,0.004987846910873203,5660
0.017247460437191095,0.49596209080557246,0.5312328730500341,0.5112352791776391,-1577.0,0.26690431824362526,89,11,91,1.652113961713147e-07,0.5100427059120604,0.5825453457757226,4,1.254134495897175e-07,0.004987846910873203,5679
0.017247460437191095,0.49596209080557246,0.5312328730500341,0.5112352791776391,-1577.0,0.26690431824362526,89,11,91,1.652113961713147e-07,0.5100427059120604,0.5825453457757226,4,1.254134495897175e-07,0.004987846910873203,5686
0.017247460437191095,0.49596209080557246,0.5312328730500341,0.5112352791776391,-1577.0,0.26690431824362526,89,11,91,1.652113961713147e-07,0.5100427059120604,0.5825453457757226,4,1.254134495897175e-07,0.004987846910873203,5692
0.017247460437191095,0.49596209080557246,0.5312328730500341,0.5112352791776391,-1577.0,0.26690431824362526,89,11,91,1.652113961713147e-07,0.5100427059120604,0.5825453457757226,4,1.254134495897175e-07,0.004987846910873203,5699
0.017247460437191095,0.49596209080557246,0.5312328730500341,0.5112352791776391,-1577.0,0.26690431824362526,89,11,91,1.652113961713147e-07,0.5100427059120604,0.5825453457757226,4,1.254134495897175e-07,0.004987846910873203,5705
0.017247460437191095,0.49596209080557246,0.5312328730500341,0.5112352791776391,-1577.0,0.26690431824362526,89,11,91,1.652113961713147e-07,0.5100427059120604,0.5825453457757226,4,1.254134495897175e-07,0.004987846910873203,5718
0.0171299376416399,0.4893838689010201,0.5681000949083667,0.5112352791776391,-2289.0,0.26690431824362526,53,3,22,1.652113961713147e-07,0.9578185914055438,0.5825453457757226,3,0.18753546777666233,0.28749982347407854,5723
0.017247460437191095,0.49596209080557246,0.5312328730500341,0.5112352791776391,-1577.0,0.26690431824362526,89,11,91,1.652113961713147e-07,0.5100427059120604,0.5825453457757226,4,1.254134495897175e-07,0.004987846910873203,5730
0.017247460437191095,0.49596209080557246,0.5312328730500341,0.5112352791776391,-1577.0,0.26690431824362526,89,11,91,1.652113961713147e-07,0.5100427059120604,0.5825453457757226,4,1.254134495897175e-07,0.004987846910873203,5739
0.0171299376416399,0.4893838689010201,0.5681000949083667,0.5112352791776391,-2289.0,0.26690431824362526,53,3,22,1.652113961713147e-07,0.9578185914055438,0.5825453457757226,3,0.18753546777666233,0.28749982347407854,5747
0.0171299376416399,0.4893838689010201,0.5681000949083667,0.5112352791776391,-2289.0,0.26690431824362526,53,3,22,1.652113961713147e-07,0.9578185914055438,0.5825453457757226,3,0.18753546777666233,0.28749982347407854,5751
0.0171299376416399,0.4893838689010201,0.5681000949083667,0.5112352791776391,-2289.0,0.26690431824362526,53,3,22,1.652113961713147e-07,0.9578185914055438,0.5825453457757226,3,0.18753546777666233,0.28749982347407854,5756
0.0171299376416399,0.4893838689010201,0.5681000949083667,0.5112352791776391,-2289.0,0.26690431824362526,53,3,22,1.652113961713147e-07,0.9578185914055438,0.5825453457757226,3,0.18753546777666233,0.28749982347407854,5768
0.0171299376416399,0.4893838689010201,0.5681000949083667,0.5112352791776391,-2289.0,0.26690431824362526,53,3,22,1.652113961713147e-07,0.9578185914055438,0.5825453457757226,3,0.18753546777666233,0.28749982347407854,5780
0.0171299376416399,0.4893838689010201,0.5681000949083667,0.5112352791776391,-2289.0,0.26690431824362526,53,3,22,1.652113961713147e-07,0.9578185914055438,0.5825453457757226,3,0.18753546777666233,0.28749982347407854,5781
0.0171299376416399,0.4893838689010201,0.5681000949083667,0.5112352791776391,-2289.0,0.26690431824362526,53,3,22,1.652113961713147e-07,0.9578185914055438,0.5825453457757226,3,0.18753546777666233,0.28749982347407854,5784
0.0171299376416399,0.4893838689010201,0.5681000949083667,0.5112352791776391,-2289.0,0.26690431824362526,53,3,22,1.652113961713147e-07,0.9578185914055438,0.5825453457757226,3,0.18753546777666233,0.28749982347407854,5790
0.0171299376416399,0.4893838689010201,0.5681000949083667,0.5112352791776391,-2289.0,0.26690431824362526,53,3,22,1.652113961713147e-07,0.9578185914055438,0.5825453457757226,3,0.18753546777666233,0.28749982347407854,5795
0.0171299376416399,0.4893838689010201,0.5681000949083667,0.5112352791776391,-2289.0,0.26690431824362526,53,3,22,1.652113961713147e-07,0.9578185914055438,0.5825453457757226,3,0.18753546777666233,0.28749982347407854,5798
0.0171299376416399,0.4893838689010201,0.5681000949083667,0.5112352791776391,-2289.0,0.26690431824362526,53,3,22,1.652113961713147e-07,0.9578185914055438,0.5825453457757226,3,0.18753546777666233,0.28749982347407854,5802
0.0171299376416399,0.4893838689010201,0.5681000949083667,0.5112352791776391,-2289.0,0.26690431824362526,53,3,22,1.652113961713147e-07,0.9578185914055438,0.5825453457757226,3,0.18753546777666233,0.28749982347407854,5804
0.0171299376416399,0.4893838689010201,0.5681000949083667,0.5112352791776391,-2289.0,0.26690431824362526,53,3,22,1.652113961713147e-07,0.9578185914055438,0.5825453457757226,3,0.18753546777666233,0.28749982347407854,5806
0.0171299376416399,0.4893838689010201,0.5681000949083667,0.5112352791776391,-2289.0,0.26690431824362526,53,3,22,1.652113961713147e-07,0.9578185914055438,0.5825453457757226,3,0.18753546777666233,0.28749982347407854,5813
0.0171299376416399,0.4893838689010201,0.5681000949083667,0.5112352791776391,-2289.0,0.26690431824362526,53,3,22,1.652113961713147e-07,0.9578185914055438,0.5825453457757226,3,0.18753546777666233,0.28749982347407854,5819
0.0171299376416399,0.4893838689010201,0.5681000949083667,0.5112352791776391,-2289.0,0.26690431824362526,53,3,22,1.652113961713147e-07,0.9578185914055438,0.5825453457757226,3,0.18753546777666233,0.28749982347407854,5821
0.0175743337559867,0.500813434579157,0.5523533264714139,0.5112352791776391,-2473.0,0.26690431824362526,248,11,18,1.652113961713147e-07,0.5100427059120604,0.5825453457757226,3,0.003062520509464317,4.17890272377219e-06,5838
0.0175743337559867,0.500813434579157,0.5523533264714139,0.5112352791776391,-2473.0,0.26690431824362526,248,11,18,1.652113961713147e-07,0.5100427059120604,0.5825453457757226,3,0.003062520509464317,4.17890272377219e-06,5840
0.0175743337559867,0.500813434579157,0.5523533264714139,0.5112352791776391,-2473.0,0.26690431824362526,248,11,18,1.652113961713147e-07,0.5100427059120604,0.5825453457757226,3,0.003062520509464317,4.17890272377219e-06,5844
0.0175743337559867,0.500813434579157,0.5523533264714139,0.5112352791776391,-2473.0,0.26690431824362526,248,11,18,1.652113961713147e-07,0.5100427059120604,0.5825453457757226,3,0.003062520509464317,4.17890272377219e-06,5845
0.0175743337559867,0.500813434579157,0.5523533264714139,0.5112352791776391,-2473.0,0.26690431824362526,248,11,18,1.652113961713147e-07,0.5100427059120604,0.5825453457757226,3,0.003062520509464317,4.17890272377219e-06,5846
0.0175743337559867,0.500813434579157,0.5523533264714139,0.5112352791776391,-2473.0,0.26690431824362526,248,11,18,1.652113961713147e-07,0.5100427059120604,0.5825453457757226,3,0.003062520509464317,4.17890272377219e-06,5859
0.0175743337559867,0.500813434579157,0.5523533264714139,0.5112352791776391,-2473.0,0.26690431824362526,248,11,18,1.652113961713147e-07,0.5100427059120604,0.5825453457757226,3,0.003062520509464317,4.17890272377219e-06,5860
0.0175743337559867,0.500813434579157,0.5523533264714139,0.5112352791776391,-2473.0,0.26690431824362526,248,11,18,1.652113961713147e-07,0.5100427059120604,0.5825453457757226,3,0.003062520509464317,4.17890272377219e-06,5863
0.0175743337559867,0.500813434579157,0.5523533264714139,0.5112352791776391,-2473.0,0.26690431824362526,248,11,18,1.652113961713147e-07,0.5100427059120604,0.5825453457757226,3,0.003062520509464317,4.17890272377219e-06,5865
0.0175743337559867,0.500813434579157,0.5523533264714139,0.5112352791776391,-2473.0,0.26690431824362526,248,11,18,1.652113961713147e-07,0.5100427059120604,0.5825453457757226,3,0.003062520509464317,4.17890272377219e-06,5878
0.0175743337559867,0.500813434579157,0.5523533264714139,0.5112352791776391,-2473.0,0.26690431824362526,248,11,18,1.652113961713147e-07,0.5100427059120604,0.5825453457757226,3,0.003062520509464317,4.17890272377219e-06,5893
0.0175743337559867,0.500813434579157,0.5523533264714139,0.5112352791776391,-2473.0,0.26690431824362526,248,11,18,1.652113961713147e-07,0.5100427059120604,0.5825453457757226,3,0.003062520509464317,4.17890272377219e-06,5902
0.017151555098722033,0.4914416937366667,0.5364060474007137,0.5112352791776391,-1575.0,0.26690431824362526,89,11,82,1.652113961713147e-07,0.5100427059120604,0.5825453457757226,7,1.254134495897175e-07,4.17890272377219e-06,5912
0.017316962972230926,0.5025565263499314,0.5473271932521488,0.5112352791776391,-2157.0,0.26690431824362526,248,11,82,1.652113961713147e-07,0.5100427059120604,0.5825453457757226,3,1.4102316596654226e-08,0.28749982347407854,6075
0.017111435609871384,0.4876688526687575,0.5560828242591132,0.5112352791776391,-1612.0,0.11271327400947749,89,11,82,1.652113961713147e-07,0.5100427059120604,0.5825453457757226,3,1.254134495897175e-07,4.17890272377219e-06,6247
0.017111435609871384,0.4876688526687575,0.5560828242591132,0.5112352791776391,-1612.0,0.11271327400947749,89,11,82,1.652113961713147e-07,0.5100427059120604,0.5825453457757226,3,1.254134495897175e-07,4.17890272377219e-06,6273
0.017111435609871384,0.4876688526687575,0.5560828242591132,0.5112352791776391,-1612.0,0.11271327400947749,89,11,82,1.652113961713147e-07,0.5100427059120604,0.5825453457757226,3,1.254134495897175e-07,4.17890272377219e-06,6279
0.017111435609871384,0.4876688526687575,0.5560828242591132,0.5112352791776391,-1612.0,0.11271327400947749,89,11,82,1.652113961713147e-07,0.5100427059120604,0.5825453457757226,3,1.254134495897175e-07,4.17890272377219e-06,6310
0.017111435609871384,0.4876688526687575,0.5560828242591132,0.5112352791776391,-1612.0,0.11271327400947749,89,11,82,1.652113961713147e-07,0.5100427059120604,0.5825453457757226,3,1.254134495897175e-07,4.17890272377219e-06,6327
0.017111435609871384,0.4876688526687575,0.5560828242591132,0.5112352791776391,-1612.0,0.11271327400947749,89,11,82,1.652113961713147e-07,0.5100427059120604,0.5825453457757226,3,1.254134495897175e-07,4.17890272377219e-06,6330
0.017111435609871384,0.4876688526687575,0.5560828242591132,0.5112352791776391,-1612.0,0.11271327400947749,89,11,82,1.652113961713147e-07,0.5100427059120604,0.5825453457757226,3,1.254134495897175e-07,4.17890272377219e-06,6332
0.017111435609871384,0.4876688526687575,0.5560828242591132,0.5112352791776391,-1612.0,0.11271327400947749,89,11,82,1.652113961713147e-07,0.5100427059120604,0.5825453457757226,3,1.254134495897175e-07,4.17890272377219e-06,6355
0.017111435609871384,0.4876688526687575,0.5560828242591132,0.5112352791776391,-1612.0,0.11271327400947749,89,11,82,1.652113961713147e-07,0.5100427059120604,0.5825453457757226,3,1.254134495897175e-07,4.17890272377219e-06,6364
0.017111435609871384,0.4876688526687575,0.5560828242591132,0.5112352791776391,-1612.0,0.11271327400947749,89,11,82,1.652113961713147e-07,0.5100427059120604,0.5825453457757226,3,1.254134495897175e-07,4.17890272377219e-06,6368
0.01707621310155768,0.48765435188792583,0.5709072437808285,0.5112352791776391,-1820.0,0.04717052037625178,248,11,22,1.652113961713147e-07,0.4188575114120406,0.5825453457757226,4,7.71800699380605e-05,4.17890272377219e-06,6372
0.017111435609871384,0.4876688526687575,0.5560828242591132,0.5112352791776391,-1612.0,0.11271327400947749,89,11,82,1.652113961713147e-07,0.5100427059120604,0.5825453457757226,3,1.254134495897175e-07,4.17890272377219e-06,6373
0.01707621310155768,0.48765435188792583,0.5709072437808285,0.5112352791776391,-1820.0,0.04717052037625178,248,11,22,1.652113961713147e-07,0.4188575114120406,0.5825453457757226,4,7.71800699380605e-05,4.17890272377219e-06,6380
0.017111435609871384,0.4876688526687575,0.5560828242591132,0.5112352791776391,-1612.0,0.11271327400947749,89,11,82,1.652113961713147e-07,0.5100427059120604,0.5825453457757226,3,1.254134495897175e-07,4.17890272377219e-06,6382
0.01707621310155768,0.48765435188792583,0.5709072437808285,0.5112352791776391,-1820.0,0.04717052037625178,248,11,22,1.652113961713147e-07,0.4188575114120406,0.5825453457757226,4,7.71800699380605e-05,4.17890272377219e-06,6387
0.01707621310155768,0.48765435188792583,0.5709072437808285,0.5112352791776391,-1820.0,0.04717052037625178,248,11,22,1.652113961713147e-07,0.4188575114120406,0.5825453457757226,4,7.71800699380605e-05,4.17890272377219e-06,6401
0.017111435609871384,0.4876688526687575,0.5560828242591132,0.5112352791776391,-1612.0,0.11271327400947749,89,11,82,1.652113961713147e-07,0.5100427059120604,0.5825453457757226,3,1.254134495897175e-07,4.17890272377219e-06,6405
0.01707621310155768,0.48765435188792583,0.5709072437808285,0.5112352791776391,-1820.0,0.04717052037625178,248,11,22,1.652113961713147e-07,0.4188575114120406,0.5825453457757226,4,7.71800699380605e-05,4.17890272377219e-06,6415
0.01707621310155768,0.48765435188792583,0.5709072437808285,0.5112352791776391,-1820.0,0.04717052037625178,248,11,22,1.652113961713147e-07,0.4188575114120406,0.5825453457757226,4,7.71800699380605e-05,4.17890272377219e-06,6427
0.01707621310155768,0.48765435188792583,0.5709072437808285,0.5112352791776391,-1820.0,0.04717052037625178,248,11,22,1.652113961713147e-07,0.4188575114120406,0.5825453457757226,4,7.71800699380605e-05,4.17890272377219e-06,6429
0.01707621310155768,0.48765435188792583,0.5709072437808285,0.5112352791776391,-1820.0,0.04717052037625178,248,11,22,1.652113961713147e-07,0.4188575114120406,0.5825453457757226,4,7.71800699380605e-05,4.17890272377219e-06,6443
0.017111435609871384,0.4876688526687575,0.5560828242591132,0.5112352791776391,-1612.0,0.11271327400947749,89,11,82,1.652113961713147e-07,0.5100427059120604,0.5825453457757226,3,1.254134495897175e-07,4.17890272377219e-06,6448
0.01707621310155768,0.48765435188792583,0.5709072437808285,0.5112352791776391,-1820.0,0.04717052037625178,248,11,22,1.652113961713147e-07,0.4188575114120406,0.5825453457757226,4,7.71800699380605e-05,4.17890272377219e-06,6453
0.01707621310155768,0.48765435188792583,0.5709072437808285,0.5112352791776391,-1820.0,0.04717052037625178,248,11,22,1.652113961713147e-07,0.4188575114120406,0.5825453457757226,4,7.71800699380605e-05,4.17890272377219e-06,6455
0.01707621310155768,0.48765435188792583,0.5709072437808285,0.5112352791776391,-1820.0,0.04717052037625178,248,11,22,1.652113961713147e-07,0.4188575114120406,0.5825453457757226,4,7.71800699380605e-05,4.17890272377219e-06,6461
0.017111435609871384,0.4876688526687575,0.5560828242591132,0.5112352791776391,-1612.0,0.11271327400947749,89,11,82,1.652113961713147e-07,0.5100427059120604,0.5825453457757226,3,1.254134495897175e-07,4.17890272377219e-06,6470
0.017034370956809514,0.48732376544871386,0.5671109091152133,0.5112352791776391,-1661.0,0.04717052037625178,248,11,22,1.652113961713147e-07,0.44473038620786254,0.5825453457757226,4,7.71800699380605e-05,0.28749982347407854,6482
0.017020313772524966,0.497335542250654,0.5380636019730247,0.5112352791776391,-1757.0,0.21068591627429098,53,11,38,1.652113961713147e-07,0.9578185914055438,0.5825453457757226,3,0.18753546777666233,4.17890272377219e-06,6494
0.0170658964929213,0.48634026324159374,0.5685946878049433,0.5112352791776391,-1647.0,0.04717052037625178,248,11,22,1.652113961713147e-07,0.44473038620786254,0.5825453457757226,8,7.71800699380605e-05,0.28749982347407854,6498
0.017034370956809514,0.48732376544871386,0.5671109091152133,0.5112352791776391,-1661.0,0.04717052037625178,248,11,22,1.652113961713147e-07,0.44473038620786254,0.5825453457757226,4,7.71800699380605e-05,0.28749982347407854,6501
0.017034370956809514,0.48732376544871386,0.5671109091152133,0.5112352791776391,-1661.0,0.04717052037625178,248,11,22,1.652113961713147e-07,0.44473038620786254,0.5825453457757226,4,7.71800699380605e-05,0.28749982347407854,6507
0.017034370956809514,0.48732376544871386,0.5671109091152133,0.5112352791776391,-1661.0,0.04717052037625178,248,11,22,1.652113961713147e-07,0.44473038620786254,0.5825453457757226,4,7.71800699380605e-05,0.28749982347407854,6510
0.017020313772524966,0.497335542250654,0.5380636019730247,0.5112352791776391,-1757.0,0.21068591627429098,53,11,38,1.652113961713147e-07,0.9578185914055438,0.5825453457757226,3,0.18753546777666233,4.17890272377219e-06,6514
0.017034370956809514,0.48732376544871386,0.5671109091152133,0.5112352791776391,-1661.0,0.04717052037625178,248,11,22,1.652113961713147e-07,0.44473038620786254,0.5825453457757226,4,7.71800699380605e-05,0.28749982347407854,6515
0.017020313772524966,0.497335542250654,0.5380636019730247,0.5112352791776391,-1757.0,0.21068591627429098,53,11,38,1.652113961713147e-07,0.9578185914055438,0.5825453457757226,3,0.18753546777666233,4.17890272377219e-06,6527
0.017020313772524966,0.497335542250654,0.5380636019730247,0.5112352791776391,-1757.0,0.21068591627429098,53,11,38,1.652113961713147e-07,0.9578185914055438,0.5825453457757226,3,0.18753546777666233,4.17890272377219e-06,6531
0.017034370956809514,0.48732376544871386,0.5671109091152133,0.5112352791776391,-1661.0,0.04717052037625178,248,11,22,1.652113961713147e-07,0.44473038620786254,0.5825453457757226,4,7.71800699380605e-05,0.28749982347407854,6533
0.017020313772524966,0.497335542250654,0.5380636019730247,0.5112352791776391,-1757.0,0.21068591627429098,53,11,38,1.652113961713147e-07,0.9578185914055438,0.5825453457757226,3,0.18753546777666233,4.17890272377219e-06,6548
0.017020313772524966,0.497335542250654,0.5380636019730247,0.5112352791776391,-1757.0,0.21068591627429098,53,11,38,1.652113961713147e-07,0.9578185914055438,0.5825453457757226,3,0.18753546777666233,4.17890272377219e-06,6550
0.017413939066701915,0.4914332861042168,0.551043323664265,0.5112352791776391,-1897.0,0.26690431824362526,134,9,18,1.652113961713147e-07,0.5100427059120604,0.8627622080115674,5,7.71800699380605e-05,4.17890272377219e-06,6561
0.017008646667712183,0.48839931787337515,0.5441591252389418,0.5112352791776391,-1246.0,0.09183872243992984,134,11,18,1.652113961713147e-07,0.5100427059120604,0.938329454771996,3,7.71800699380605e-05,4.17890272377219e-06,6563
0.017037375467629956,0.4872373203814998,0.5720434707053964,0.5112352791776391,-1374.0,0.04717052037625178,248,11,22,1.652113961713147e-07,0.5100427059120604,0.5825453457757226,8,7.71800699380605e-05,4.17890272377219e-06,6565
0.017008646667712183,0.48839931787337515,0.5441591252389418,0.5112352791776391,-1246.0,0.09183872243992984,134,11,18,1.652113961713147e-07,0.5100427059120604,0.938329454771996,3,7.71800699380605e-05,4.17890272377219e-06,6566
0.017008646667712183,0.48839931787337515,0.5441591252389418,0.5112352791776391,-1246.0,0.09183872243992984,134,11,18,1.652113961713147e-07,0.5100427059120604,0.938329454771996,3,7.71800699380605e-05,4.17890272377219e-06,6568
0.017008646667712183,0.48839931787337515,0.5441591252389418,0.5112352791776391,-1246.0,0.09183872243992984,134,11,18,1.652113961713147e-07,0.5100427059120604,0.938329454771996,3,7.71800699380605e-05,4.17890272377219e-06,6574
0.017413939066701915,0.4914332861042168,0.551043323664265,0.5112352791776391,-1897.0,0.26690431824362526,134,9,18,1.652113961713147e-07,0.5100427059120604,0.8627622080115674,5,7.71800699380605e-05,4.17890272377219e-06,6579
0.017008646667712183,0.48839931787337515,0.5441591252389418,0.5112352791776391,-1246.0,0.09183872243992984,134,11,18,1.652113961713147e-07,0.5100427059120604,0.938329454771996,3,7.71800699380605e-05,4.17890272377219e-06,6582
0.017008646667712183,0.48839931787337515,0.5441591252389418,0.5112352791776391,-1246.0,0.09183872243992984,134,11,18,1.652113961713147e-07,0.5100427059120604,0.938329454771996,3,7.71800699380605e-05,4.17890272377219e-06,6583
0.017008646667712183,0.48839931787337515,0.5441591252389418,0.5112352791776391,-1246.0,0.09183872243992984,134,11,18,1.652113961713147e-07,0.5100427059120604,0.938329454771996,3,7.71800699380605e-05,4.17890272377219e-06,6586
0.017008646667712183,0.48839931787337515,0.5441591252389418,0.5112352791776391,-1246.0,0.09183872243992984,134,11,18,1.652113961713147e-07,0.5100427059120604,0.938329454771996,3,7.71800699380605e-05,4.17890272377219e-06,6587
0.017008646667712183,0.48839931787337515,0.5441591252389418,0.5112352791776391,-1246.0,0.09183872243992984,134,11,18,1.652113961713147e-07,0.5100427059120604,0.938329454771996,3,7.71800699380605e-05,4.17890272377219e-06,6588
0.017413939066701915,0.4914332861042168,0.551043323664265,0.5112352791776391,-1897.0,0.26690431824362526,134,9,18,1.652113961713147e-07,0.5100427059120604,0.8627622080115674,5,7.71800699380605e-05,4.17890272377219e-06,6589
0.017008646667712183,0.48839931787337515,0.5441591252389418,0.5112352791776391,-1246.0,0.09183872243992984,134,11,18,1.652113961713147e-07,0.5100427059120604,0.938329454771996,3,7.71800699380605e-05,4.17890272377219e-06,6593
0.017008646667712183,0.48839931787337515,0.5441591252389418,0.5112352791776391,-1246.0,0.09183872243992984,134,11,18,1.652113961713147e-07,0.5100427059120604,0.938329454771996,3,7.71800699380605e-05,4.17890272377219e-06,6596
0.017008646667712183,0.48839931787337515,0.5441591252389418,0.5112352791776391,-1246.0,0.09183872243992984,134,11,18,1.652113961713147e-07,0.5100427059120604,0.938329454771996,3,7.71800699380605e-05,4.17890272377219e-06,6619
0.017008646667712183,0.48839931787337515,0.5441591252389418,0.5112352791776391,-1246.0,0.09183872243992984,134,11,18,1.652113961713147e-07,0.5100427059120604,0.938329454771996,3,7.71800699380605e-05,4.17890272377219e-06,6620
0.017008646667712183,0.48839931787337515,0.5441591252389418,0.5112352791776391,-1246.0,0.09183872243992984,134,11,18,1.652113961713147e-07,0.5100427059120604,0.938329454771996,3,7.71800699380605e-05,4.17890272377219e-06,6627
0.017008646667712183,0.48839931787337515,0.5441591252389418,0.5112352791776391,-1246.0,0.09183872243992984,134,11,18,1.652113961713147e-07,0.5100427059120604,0.938329454771996,3,7.71800699380605e-05,4.17890272377219e-06,6628
0.017091017164843167,0.48509524701974777,0.5636353914635939,0.5112352791776391,-1459.0,0.04717052037625178,248,11,82,1.652113961713147e-07,0.44473038620786254,0.5825453457757226,8,0.003062520509464317,0.28749982347407854,6649
0.017091017164843167,0.48509524701974777,0.5636353914635939,0.5112352791776391,-1459.0,0.04717052037625178,248,11,82,1.652113961713147e-07,0.44473038620786254,0.5825453457757226,8,0.003062520509464317,0.28749982347407854,6651
0.017091017164843167,0.48509524701974777,0.5636353914635939,0.5112352791776391,-1459.0,0.04717052037625178,248,11,82,1.652113961713147e-07,0.44473038620786254,0.5825453457757226,8,0.003062520509464317,0.28749982347407854,6656
0.017091017164843167,0.48509524701974777,0.5636353914635939,0.5112352791776391,-1459.0,0.04717052037625178,248,11,82,1.652113961713147e-07,0.44473038620786254,0.5825453457757226,8,0.003062520509464317,0.28749982347407854,6657
0.017091017164843167,0.48509524701974777,0.5636353914635939,0.5112352791776391,-1459.0,0.04717052037625178,248,11,82,1.652113961713147e-07,0.44473038620786254,0.5825453457757226,8,0.003062520509464317,0.28749982347407854,6658
0.017091017164843167,0.48509524701974777,0.5636353914635939,0.5112352791776391,-1459.0,0.04717052037625178,248,11,82,1.652113961713147e-07,0.44473038620786254,0.5825453457757226,8,0.003062520509464317,0.28749982347407854,6662
0.017091017164843167,0.48509524701974777,0.5636353914635939,0.5112352791776391,-1459.0,0.04717052037625178,248,11,82,1.652113961713147e-07,0.44473038620786254,0.5825453457757226,8,0.003062520509464317,0.28749982347407854,6679
0.017091017164843167,0.48509524701974777,0.5636353914635939,0.5112352791776391,-1459.0,0.04717052037625178,248,11,82,1.652113961713147e-07,0.44473038620786254,0.5825453457757226,8,0.003062520509464317,0.28749982347407854,6681
0.017091017164843167,0.48509524701974777,0.5636353914635939,0.5112352791776391,-1459.0,0.04717052037625178,248,11,82,1.652113961713147e-07,0.44473038620786254,0.5825453457757226,8,0.003062520509464317,0.28749982347407854,6691
0.017091017164843167,0.48509524701974777,0.5636353914635939,0.5112352791776391,-1459.0,0.04717052037625178,248,11,82,1.652113961713147e-07,0.44473038620786254,0.5825453457757226,8,0.003062520509464317,0.28749982347407854,6692
0.017091017164843167,0.48509524701974777,0.5636353914635939,0.5112352791776391,-1459.0,0.04717052037625178,248,11,82,1.652113961713147e-07,0.44473038620786254,0.5825453457757226,8,0.003062520509464317,0.28749982347407854,6699
0.01721086096216375,0.49298483835152274,0.5490783194535417,0.5112352791776391,-2148.0,0.26690431824362526,73,11,82,1.652113961713147e-07,0.5100427059120604,0.938329454771996,3,5.716036492601785,4.17890272377219e-06,6700
0.017091017164843167,0.48509524701974777,0.5636353914635939,0.5112352791776391,-1459.0,0.04717052037625178,248,11,82,1.652113961713147e-07,0.44473038620786254,0.5825453457757226,8,0.003062520509464317,0.28749982347407854,6705
0.01721086096216375,0.49298483835152274,0.5490783194535417,0.5112352791776391,-2148.0,0.26690431824362526,73,11,82,1.652113961713147e-07,0.5100427059120604,0.938329454771996,3,5.716036492601785,4.17890272377219e-06,6707
0.017091017164843167,0.48509524701974777,0.5636353914635939,0.5112352791776391,-1459.0,0.04717052037625178,248,11,82,1.652113961713147e-07,0.44473038620786254,0.5825453457757226,8,0.003062520509464317,0.28749982347407854,6711
0.017091017164843167,0.48509524701974777,0.5636353914635939,0.5112352791776391,-1459.0,0.04717052037625178,248,11,82,1.652113961713147e-07,0.44473038620786254,0.5825453457757226,8,0.003062520509464317,0.28749982347407854,6713
0.017091017164843167,0.48509524701974777,0.5636353914635939,0.5112352791776391,-1459.0,0.04717052037625178,248,11,82,1.652113961713147e-07,0.44473038620786254,0.5825453457757226,8,0.003062520509464317,0.28749982347407854,6721
0.01725630875668831,0.4821800566910514,0.5882580972877596,0.5112352791776391,-1797.0,0.26690431824362526,89,3,22,1.4800690175821863e-08,0.5171457926788268,0.5825453457757226,7,1.254134495897175e-07,4.17890272377219e-06,6723
0.017077495202441336,0.49160711639212223,0.5475544386370623,0.5112352791776391,-1865.0,0.26690431824362526,21,8,22,1.652113961713147e-07,0.5100427059120604,0.764526911140863,2,0.003062520509464317,4.17890272377219e-06,6725
0.017077495202441336,0.49160711639212223,0.5475544386370623,0.5112352791776391,-1865.0,0.26690431824362526,21,8,22,1.652113961713147e-07,0.5100427059120604,0.764526911140863,2,0.003062520509464317,4.17890272377219e-06,6726
0.017077495202441336,0.49160711639212223,0.5475544386370623,0.5112352791776391,-1865.0,0.26690431824362526,21,8,22,1.652113961713147e-07,0.5100427059120604,0.764526911140863,2,0.003062520509464317,4.17890272377219e-06,6728
0.017040210088001002,0.48579670808346076,0.5681000949083667,0.5112352791776391,-1438.0,0.04717052037625178,248,11,18,1.652113961713147e-07,0.5100427059120604,0.764526911140863,5,7.71800699380605e-05,4.17890272377219e-06,6732
0.01725630875668831,0.4821800566910514,0.5882580972877596,0.5112352791776391,-1797.0,0.26690431824362526,89,3,22,1.4800690175821863e-08,0.5171457926788268,0.5825453457757226,7,1.254134495897175e-07,4.17890272377219e-06,6733
0.01725630875668831,0.4821800566910514,0.5882580972877596,0.5112352791776391,-1797.0,0.26690431824362526,89,3,22,1.4800690175821863e-08,0.5171457926788268,0.5825453457757226,7,1.254134495897175e-07,4.17890272377219e-06,6739
0.017040210088001002,0.48579670808346076,0.5681000949083667,0.5112352791776391,-1438.0,0.04717052037625178,248,11,18,1.652113961713147e-07,0.5100427059120604,0.764526911140863,5,7.71800699380605e-05,4.17890272377219e-06,6740
0.017077495202441336,0.49160711639212223,0.5475544386370623,0.5112352791776391,-1865.0,0.26690431824362526,21,8,22,1.652113961713147e-07,0.5100427059120604,0.764526911140863,2,0.003062520509464317,4.17890272377219e-06,6744
0.017040210088001002,0.48579670808346076,0.5681000949083667,0.5112352791776391,-1438.0,0.04717052037625178,248,11,18,1.652113961713147e-07,0.5100427059120604,0.764526911140863,5,7.71800699380605e-05,4.17890272377219e-06,6751
0.01725630875668831,0.4821800566910514,0.5882580972877596,0.5112352791776391,-1797.0,0.26690431824362526,89,3,22,1.4800690175821863e-08,0.5171457926788268,0.5825453457757226,7,1.254134495897175e-07,4.17890272377219e-06,6755
0.017077495202441336,0.49160711639212223,0.5475544386370623,0.5112352791776391,-1865.0,0.26690431824362526,21,8,22,1.652113961713147e-07,0.5100427059120604,0.764526911140863,2,0.003062520509464317,4.17890272377219e-06,6762
0.017040210088001002,0.48579670808346076,0.5681000949083667,0.5112352791776391,-1438.0,0.04717052037625178,248,11,18,1.652113961713147e-07,0.5100427059120604,0.764526911140863,5,7.71800699380605e-05,4.17890272377219e-06,6764
0.01725630875668831,0.4821800566910514,0.5882580972877596,0.5112352791776391,-1797.0,0.26690431824362526,89,3,22,1.4800690175821863e-08,0.5171457926788268,0.5825453457757226,7,1.254134495897175e-07,4.17890272377219e-06,6775
0.017040210088001002,0.48579670808346076,0.5681000949083667,0.5112352791776391,-1438.0,0.04717052037625178,248,11,18,1.652113961713147e-07,0.5100427059120604,0.764526911140863,5,7.71800699380605e-05,4.17890272377219e-06,6780
0.01725630875668831,0.4821800566910514,0.5882580972877596,0.5112352791776391,-1797.0,0.26690431824362526,89,3,22,1.4800690175821863e-08,0.5171457926788268,0.5825453457757226,7,1.254134495897175e-07,4.17890272377219e-06,6787
0.01706721832389301,0.4846655469437943,0.5842345172372307,0.5112352791776391,-1730.0,0.04717052037625178,157,9,18,0.0012649313545381893,0.5100427059120604,0.764526911140863,3,7.71800699380605e-05,3.926414226888425e-07,6790
0.017040210088001002,0.48579670808346076,0.5681000949083667,0.5112352791776391,-1438.0,0.04717052037625178,248,11,18,1.652113961713147e-07,0.5100427059120604,0.764526911140863,5,7.71800699380605e-05,4.17890272377219e-06,6791
0.017040210088001002,0.48579670808346076,0.5681000949083667,0.5112352791776391,-1438.0,0.04717052037625178,248,11,18,1.652113961713147e-07,0.5100427059120604,0.764526911140863,5,7.71800699380605e-05,4.17890272377219e-06,6795
0.017040210088001002,0.48579670808346076,0.5681000949083667,0.5112352791776391,-1438.0,0.04717052037625178,248,11,18,1.652113961713147e-07,0.5100427059120604,0.764526911140863,5,7.71800699380605e-05,4.17890272377219e-06,6798
0.01725630875668831,0.4821800566910514,0.5882580972877596,0.5112352791776391,-1797.0,0.26690431824362526,89,3,22,1.4800690175821863e-08,0.5171457926788268,0.5825453457757226,7,1.254134495897175e-07,4.17890272377219e-06,6802
0.01725630875668831,0.4821800566910514,0.5882580972877596,0.5112352791776391,-1797.0,0.26690431824362526,89,3,22,1.4800690175821863e-08,0.5171457926788268,0.5825453457757226,7,1.254134495897175e-07,4.17890272377219e-06,6810
0.01725630875668831,0.4821800566910514,0.5882580972877596,0.5112352791776391,-1797.0,0.26690431824362526,89,3,22,1.4800690175821863e-08,0.5171457926788268,0.5825453457757226,7,1.254134495897175e-07,4.17890272377219e-06,6817
0.01725630875668831,0.4821800566910514,0.5882580972877596,0.5112352791776391,-1797.0,0.26690431824362526,89,3,22,1.4800690175821863e-08,0.5171457926788268,0.5825453457757226,7,1.254134495897175e-07,4.17890272377219e-06,6819
0.01725630875668831,0.4821800566910514,0.5882580972877596,0.5112352791776391,-1797.0,0.26690431824362526,89,3,22,1.4800690175821863e-08,0.5171457926788268,0.5825453457757226,7,1.254134495897175e-07,4.17890272377219e-06,6839
0.01725630875668831,0.4821800566910514,0.5882580972877596,0.5112352791776391,-1797.0,0.26690431824362526,89,3,22,1.4800690175821863e-08,0.5171457926788268,0.5825453457757226,7,1.254134495897175e-07,4.17890272377219e-06,6852
0.01725630875668831,0.4821800566910514,0.5882580972877596,0.5112352791776391,-1797.0,0.26690431824362526,89,3,22,1.4800690175821863e-08,0.5171457926788268,0.5825453457757226,7,1.254134495897175e-07,4.17890272377219e-06,6863
0.01725630875668831,0.4821800566910514,0.5882580972877596,0.5112352791776391,-1797.0,0.26690431824362526,89,3,22,1.4800690175821863e-08,0.5171457926788268,0.5825453457757226,7,1.254134495897175e-07,4.17890272377219e-06,6866
0.01717209474906059,0.4869749343573165,0.5629937574356026,0.5112352791776391,-1922.0,0.26690431824362526,24,3,22,1.4800690175821863e-08,0.7461423307758155,0.764526911140863,3,0.18753546777666233,4.17890272377219e-06,6922
0.01717209474906059,0.4869749343573165,0.5629937574356026,0.5112352791776391,-1922.0,0.26690431824362526,24,3,22,1.4800690175821863e-08,0.7461423307758155,0.764526911140863,3,0.18753546777666233,4.17890272377219e-06,6950
0.01717209474906059,0.4869749343573165,0.5629937574356026,0.5112352791776391,-1922.0,0.26690431824362526,24,3,22,1.4800690175821863e-08,0.7461423307758155,0.764526911140863,3,0.18753546777666233,4.17890272377219e-06,6958
0.01717209474906059,0.4869749343573165,0.5629937574356026,0.5112352791776391,-1922.0,0.26690431824362526,24,3,22,1.4800690175821863e-08,0.7461423307758155,0.764526911140863,3,0.18753546777666233,4.17890272377219e-06,6960
0.01717209474906059,0.4869749343573165,0.5629937574356026,0.5112352791776391,-1922.0,0.26690431824362526,24,3,22,1.4800690175821863e-08,0.7461423307758155,0.764526911140863,3,0.18753546777666233,4.17890272377219e-06,6962
0.01717209474906059,0.4869749343573165,0.5629937574356026,0.5112352791776391,-1922.0,0.26690431824362526,24,3,22,1.4800690175821863e-08,0.7461423307758155,0.764526911140863,3,0.18753546777666233,4.17890272377219e-06,6963
0.017113589670695803,0.4924435920688031,0.5633947787030973,0.5112352791776391,-1994.0,0.11935262708510537,53,11,22,1.652113961713147e-07,0.5100427059120604,0.764526911140863,3,1.254134495897175e-07,0.28749982347407854,6966
0.01707987526151646,0.5034446044448253,0.5352965552273122,0.5112352791776391,-1914.0,0.26690431824362526,248,11,43,1.652113961713147e-07,0.44473038620786254,0.40927396991732046,1,2.2639512103841364,0.18753546777666233,6973
0.01717209474906059,0.4869749343573165,0.5629937574356026,0.5112352791776391,-1922.0,0.26690431824362526,24,3,22,1.4800690175821863e-08,0.7461423307758155,0.764526911140863,3,0.18753546777666233,4.17890272377219e-06,6974
0.01706721832389301,0.4846655469437943,0.5842345172372307,0.5112352791776391,-1730.0,0.04717052037625178,157,9,18,0.0012649313545381893,0.5100427059120604,0.764526911140863,3,7.71800699380605e-05,3.926414226888425e-07,6975
0.01717209474906059,0.4869749343573165,0.5629937574356026,0.5112352791776391,-1922.0,0.26690431824362526,24,3,22,1.4800690175821863e-08,0.7461423307758155,0.764526911140863,3,0.18753546777666233,4.17890272377219e-06,6976
0.01707987526151646,0.5034446044448253,0.5352965552273122,0.5112352791776391,-1914.0,0.26690431824362526,248,11,43,1.652113961713147e-07,0.44473038620786254,0.40927396991732046,1,2.2639512103841364,0.18753546777666233,6992
0.017113589670695803,0.4924435920688031,0.5633947787030973,0.5112352791776391,-1994.0,0.11935262708510537,53,11,22,1.652113961713147e-07,0.5100427059120604,0.764526911140863,3,1.254134495897175e-07,0.28749982347407854,6994
0.017113589670695803,0.4924435920688031,0.5633947787030973,0.5112352791776391,-1994.0,0.11935262708510537,53,11,22,1.652113961713147e-07,0.5100427059120604,0.764526911140863,3,1.254134495897175e-07,0.28749982347407854,6999
0.01717209474906059,0.4869749343573165,0.5629937574356026,0.5112352791776391,-1922.0,0.26690431824362526,24,3,22,1.4800690175821863e-08,0.7461423307758155,0.764526911140863,3,0.18753546777666233,4.17890272377219e-06,7003
0.017113589670695803,0.4924435920688031,0.5633947787030973,0.5112352791776391,-1994.0,0.11935262708510537,53,11,22,1.652113961713147e-07,0.5100427059120604,0.764526911140863,3,1.254134495897175e-07,0.28749982347407854,7007
0.017113589670695803,0.4924435920688031,0.5633947787030973,0.5112352791776391,-1994.0,0.11935262708510537,53,11,22,1.652113961713147e-07,0.5100427059120604,0.764526911140863,3,1.254134495897175e-07,0.28749982347407854,7017
0.01707987526151646,0.5034446044448253,0.5352965552273122,0.5112352791776391,-1914.0,0.26690431824362526,248,11,43,1.652113961713147e-07,0.44473038620786254,0.40927396991732046,1,2.2639512103841364,0.18753546777666233,7022
0.01707987526151646,0.5034446044448253,0.5352965552273122,0.5112352791776391,-1914.0,0.26690431824362526,248,11,43,1.652113961713147e-07,0.44473038620786254,0.40927396991732046,1,2.2639512103841364,0.18753546777666233,7023
0.01707987526151646,0.5034446044448253,0.5352965552273122,0.5112352791776391,-1914.0,0.26690431824362526,248,11,43,1.652113961713147e-07,0.44473038620786254,0.40927396991732046,1,2.2639512103841364,0.18753546777666233,7026
0.01707987526151646,0.5034446044448253,0.5352965552273122,0.5112352791776391,-1914.0,0.26690431824362526,248,11,43,1.652113961713147e-07,0.44473038620786254,0.40927396991732046,1,2.2639512103841364,0.18753546777666233,7034
0.017466906399652617,0.4958353738739953,0.5653998850405699,0.5112352791776391,-2302.0,0.26690431824362526,248,11,18,1.652113961713147e-07,0.5100427059120604,0.764526911140863,2,3.450480059988646e-05,4.17890272377219e-06,7037
0.01707987526151646,0.5034446044448253,0.5352965552273122,0.5112352791776391,-1914.0,0.26690431824362526,248,11,43,1.652113961713147e-07,0.44473038620786254,0.40927396991732046,1,2.2639512103841364,0.18753546777666233,7039
0.017113589670695803,0.4924435920688031,0.5633947787030973,0.5112352791776391,-1994.0,0.11935262708510537,53,11,22,1.652113961713147e-07,0.5100427059120604,0.764526911140863,3,1.254134495897175e-07,0.28749982347407854,7042
0.017113589670695803,0.4924435920688031,0.5633947787030973,0.5112352791776391,-1994.0,0.11935262708510537,53,11,22,1.652113961713147e-07,0.5100427059120604,0.764526911140863,3,1.254134495897175e-07,0.28749982347407854,7043
0.017540455276022143,0.49580346128401837,0.5679263190257857,0.5112352791776391,-2303.0,0.26690431824362526,248,11,18,1.652113961713147e-07,0.5100427059120604,0.764526911140863,2,7.71800699380605e-05,4.17890272377219e-06,7047
0.017540455276022143,0.49580346128401837,0.5679263190257857,0.5112352791776391,-2303.0,0.26690431824362526,248,11,18,1.652113961713147e-07,0.5100427059120604,0.764526911140863,2,7.71800699380605e-05,4.17890272377219e-06,7048
0.017540455276022143,0.49580346128401837,0.5679263190257857,0.5112352791776391,-2303.0,0.26690431824362526,248,11,18,1.652113961713147e-07,0.5100427059120604,0.764526911140863,2,7.71800699380605e-05,4.17890272377219e-06,7061
0.016961519982641997,0.4852885360228426,0.5420871820235533,0.5112352791776391,-1222.0,0.08330803890301997,157,11,18,1.652113961713147e-07,0.44473038620786254,0.764526911140863,5,7.71800699380605e-05,4.17890272377219e-06,7062
0.017540455276022143,0.49580346128401837,0.5679263190257857,0.5112352791776391,-2303.0,0.26690431824362526,248,11,18,1.652113961713147e-07,0.5100427059120604,0.764526911140863,2,7.71800699380605e-05,4.17890272377219e-06,7068
0.016961519982641997,0.4852885360228426,0.5420871820235533,0.5112352791776391,-1222.0,0.08330803890301997,157,11,18,1.652113961713147e-07,0.44473038620786254,0.764526911140863,5,7.71800699380605e-05,4.17890272377219e-06,7077
0.017540455276022143,0.49580346128401837,0.5679263190257857,0.5112352791776391,-2303.0,0.26690431824362526,248,11,18,1.652113961713147e-07,0.5100427059120604,0.764526911140863,2,7.71800699380605e-05,4.17890272377219e-06,7079
0.017540455276022143,0.49580346128401837,0.5679263190257857,0.5112352791776391,-2303.0,0.26690431824362526,248,11,18,1.652113961713147e-07,0.5100427059120604,0.764526911140863,2,7.71800699380605e-05,4.17890272377219e-06,7084
0.017540455276022143,0.49580346128401837,0.5679263190257857,0.5112352791776391,-2303.0,0.26690431824362526,248,11,18,1.652113961713147e-07,0.5100427059120604,0.764526911140863,2,7.71800699380605e-05,4.17890272377219e-06,7085
0.016961519982641997,0.4852885360228426,0.5420871820235533,0.5112352791776391,-1222.0,0.08330803890301997,157,11,18,1.652113961713147e-07,0.44473038620786254,0.764526911140863,5,7.71800699380605e-05,4.17890272377219e-06,7087
0.017540455276022143,0.49580346128401837,0.5679263190257857,0.5112352791776391,-2303.0,0.26690431824362526,248,11,18,1.652113961713147e-07,0.5100427059120604,0.764526911140863,2,7.71800699380605e-05,4.17890272377219e-06,7091
0.017540455276022143,0.49580346128401837,0.5679263190257857,0.5112352791776391,-2303.0,0.26690431824362526,248,11,18,1.652113961713147e-07,0.5100427059120604,0.764526911140863,2,7.71800699380605e-05,4.17890272377219e-06,7093
0.017540455276022143,0.49580346128401837,0.5679263190257857,0.5112352791776391,-2303.0,0.26690431824362526,248,11,18,1.652113961713147e-07,0.5100427059120604,0.764526911140863,2,7.71800699380605e-05,4.17890272377219e-06,7103
0.016961519982641997,0.4852885360228426,0.5420871820235533,0.5112352791776391,-1222.0,0.08330803890301997,157,11,18,1.652113961713147e-07,0.44473038620786254,0.764526911140863,5,7.71800699380605e-05,4.17890272377219e-06,7115
0.017540455276022143,0.49580346128401837,0.5679263190257857,0.5112352791776391,-2303.0,0.26690431824362526,248,11,18,1.652113961713147e-07,0.5100427059120604,0.764526911140863,2,7.71800699380605e-05,4.17890272377219e-06,7116
0.017540455276022143,0.49580346128401837,0.5679263190257857,0.5112352791776391,-2303.0,0.26690431824362526,248,11,18,1.652113961713147e-07,0.5100427059120604,0.764526911140863,2,7.71800699380605e-05,4.17890272377219e-06,7118
0.017540455276022143,0.49580346128401837,0.5679263190257857,0.5112352791776391,-2303.0,0.26690431824362526,248,11,18,1.652113961713147e-07,0.5100427059120604,0.764526911140863,2,7.71800699380605e-05,4.17890272377219e-06,7124
0.01745423777006049,0.5071377230194728,0.533959817668997,0.5112352791776391,-1951.0,0.26690431824362526,248,11,18,1.652113961713147e-07,0.44473038620786254,0.764526911140863,3,1.4102316596654226e-08,4.17890272377219e-06,7127
0.017097392188506647,0.48724424986923426,0.560373751821305,0.5112352791776391,-1806.0,0.09183872243992984,134,11,18,1.652113961713147e-07,0.5100427059120604,0.5825453457757226,3,7.71800699380605e-05,4.17890272377219e-06,7129
0.017097392188506647,0.48724424986923426,0.560373751821305,0.5112352791776391,-1806.0,0.09183872243992984,134,11,18,1.652113961713147e-07,0.5100427059120604,0.5825453457757226,3,7.71800699380605e-05,4.17890272377219e-06,7131
0.017097392188506647,0.48724424986923426,0.560373751821305,0.5112352791776391,-1806.0,0.09183872243992984,134,11,18,1.652113961713147e-07,0.5100427059120604,0.5825453457757226,3,7.71800699380605e-05,4.17890272377219e-06,7132
0.01704227132838233,0.4870596965889371,0.5668836637302999,0.5112352791776391,-1412.0,0.04717052037625178,248,11,12,1.652113961713147e-07,0.44473038620786254,0.5825453457757226,8,7.71800699380605e-05,0.28749982347407854,7135
0.017057701907228082,0.48686400609702285,0.5491852584582069,0.5112352791776391,-1530.0,0.08330803890301997,157,11,18,0.0012649313545381893,0.44473038620786254,0.8627622080115674,3,7.71800699380605e-05,4.17890272377219e-06,7137
0.01706033124020701,0.4970879767483688,0.5236001015920544,0.5112352791776391,-1612.0,0.26690431824362526,89,11,82,1.652113961713147e-07,0.5100427059120604,0.764526911140863,4,7.71800699380605e-05,4.6876566400928895e-08,7138
0.01706033124020701,0.4970879767483688,0.5236001015920544,0.5112352791776391,-1612.0,0.26690431824362526,89,11,82,1.652113961713147e-07,0.5100427059120604,0.764526911140863,4,7.71800699380605e-05,4.6876566400928895e-08,7139
0.017097392188506647,0.48724424986923426,0.560373751821305,0.5112352791776391,-1806.0,0.09183872243992984,134,11,18,1.652113961713147e-07,0.5100427059120604,0.5825453457757226,3,7.71800699380605e-05,4.17890272377219e-06,7142
0.017057701907228082,0.48686400609702285,0.5491852584582069,0.5112352791776391,-1530.0,0.08330803890301997,157,11,18,0.0012649313545381893,0.44473038620786254,0.8627622080115674,3,7.71800699380605e-05,4.17890272377219e-06,7143
0.017097392188506647,0.48724424986923426,0.560373751821305,0.5112352791776391,-1806.0,0.09183872243992984,134,11,18,1.652113961713147e-07,0.5100427059120604,0.5825453457757226,3,7.71800699380605e-05,4.17890272377219e-06,7145
0.01706033124020701,0.4970879767483688,0.5236001015920544,0.5112352791776391,-1612.0,0.26690431824362526,89,11,82,1.652113961713147e-07,0.5100427059120604,0.764526911140863,4,7.71800699380605e-05,4.6876566400928895e-08,7147
0.017097392188506647,0.48724424986923426,0.560373751821305,0.5112352791776391,-1806.0,0.09183872243992984,134,11,18,1.652113961713147e-07,0.5100427059120604,0.5825453457757226,3,7.71800699380605e-05,4.17890272377219e-06,7148
0.017057701907228082,0.48686400609702285,0.5491852584582069,0.5112352791776391,-1530.0,0.08330803890301997,157,11,18,0.0012649313545381893,0.44473038620786254,0.8627622080115674,3,7.71800699380605e-05,4.17890272377219e-06,7150
0.017097392188506647,0.48724424986923426,0.560373751821305,0.5112352791776391,-1806.0,0.09183872243992984,134,11,18,1.652113961713147e-07,0.5100427059120604,0.5825453457757226,3,7.71800699380605e-05,4.17890272377219e-06,7151
0.017057701907228082,0.48686400609702285,0.5491852584582069,0.5112352791776391,-1530.0,0.08330803890301997,157,11,18,0.0012649313545381893,0.44473038620786254,0.8627622080115674,3,7.71800699380605e-05,4.17890272377219e-06,7154
0.017057701907228082,0.48686400609702285,0.5491852584582069,0.5112352791776391,-1530.0,0.08330803890301997,157,11,18,0.0012649313545381893,0.44473038620786254,0.8627622080115674,3,7.71800699380605e-05,4.17890272377219e-06,7155
0.017057701907228082,0.48686400609702285,0.5491852584582069,0.5112352791776391,-1530.0,0.08330803890301997,157,11,18,0.0012649313545381893,0.44473038620786254,0.8627622080115674,3,7.71800699380605e-05,4.17890272377219e-06,7157
0.017351008556742452,0.4965925396582043,0.5552005774706252,0.5112352791776391,-2209.0,0.26690431824362526,134,11,18,1.652113961713147e-07,0.5100427059120604,0.8627622080115674,3,7.71800699380605e-05,0.004789030842100622,7160
0.01704227132838233,0.4870596965889371,0.5668836637302999,0.5112352791776391,-1412.0,0.04717052037625178,248,11,12,1.652113961713147e-07,0.44473038620786254,0.5825453457757226,8,7.71800699380605e-05,0.28749982347407854,7161
0.017065222522976268,0.4853423345971175,0.5613896723656244,0.5112352791776391,-1588.0,0.04717052037625178,248,11,97,1.652113961713147e-07,0.44473038620786254,0.5825453457757226,8,7.71800699380605e-05,0.28749982347407854,7162
0.01706033124020701,0.4970879767483688,0.5236001015920544,0.5112352791776391,-1612.0,0.26690431824362526,89,11,82,1.652113961713147e-07,0.5100427059120604,0.764526911140863,4,7.71800699380605e-05,4.6876566400928895e-08,7163
0.017097392188506647,0.48724424986923426,0.560373751821305,0.5112352791776391,-1806.0,0.09183872243992984,134,11,18,1.652113961713147e-07,0.5100427059120604,0.5825453457757226,3,7.71800699380605e-05,4.17890272377219e-06,7165
0.01706033124020701,0.4970879767483688,0.5236001015920544,0.5112352791776391,-1612.0,0.26690431824362526,89,11,82,1.652113961713147e-07,0.5100427059120604,0.764526911140863,4,7.71800699380605e-05,4.6876566400928895e-08,7167
0.017057701907228082,0.48686400609702285,0.5491852584582069,0.5112352791776391,-1530.0,0.08330803890301997,157,11,18,0.0012649313545381893,0.44473038620786254,0.8627622080115674,3,7.71800699380605e-05,4.17890272377219e-06,7169
0.017097392188506647,0.48724424986923426,0.560373751821305,0.5112352791776391,-1806.0,0.09183872243992984,134,11,18,1.652113961713147e-07,0.5100427059120604,0.5825453457757226,3,7.71800699380605e-05,4.17890272377219e-06,7170
0.017057701907228082,0.48686400609702285,0.5491852584582069,0.5112352791776391,-1530.0,0.08330803890301997,157,11,18,0.0012649313545381893,0.44473038620786254,0.8627622080115674,3,7.71800699380605e-05,4.17890272377219e-06,7171
0.01706033124020701,0.4970879767483688,0.5236001015920544,0.5112352791776391,-1612.0,0.26690431824362526,89,11,82,1.652113961713147e-07,0.5100427059120604,0.764526911140863,4,7.71800699380605e-05,4.6876566400928895e-08,7172
0.017057701907228082,0.48686400609702285,0.5491852584582069,0.5112352791776391,-1530.0,0.08330803890301997,157,11,18,0.0012649313545381893,0.44473038620786254,0.8627622080115674,3,7.71800699380605e-05,4.17890272377219e-06,7174
0.017097392188506647,0.48724424986923426,0.560373751821305,0.5112352791776391,-1806.0,0.09183872243992984,134,11,18,1.652113961713147e-07,0.5100427059120604,0.5825453457757226,3,7.71800699380605e-05,4.17890272377219e-06,7175
0.017097392188506647,0.48724424986923426,0.560373751821305,0.5112352791776391,-1806.0,0.09183872243992984,134,11,18,1.652113961713147e-07,0.5100427059120604,0.5825453457757226,3,7.71800699380605e-05,4.17890272377219e-06,7176
0.01706033124020701,0.4970879767483688,0.5236001015920544,0.5112352791776391,-1612.0,0.26690431824362526,89,11,82,1.652113961713147e-07,0.5100427059120604,0.764526911140863,4,7.71800699380605e-05,4.6876566400928895e-08,7177
0.01706033124020701,0.4970879767483688,0.5236001015920544,0.5112352791776391,-1612.0,0.26690431824362526,89,11,82,1.652113961713147e-07,0.5100427059120604,0.764526911140863,4,7.71800699380605e-05,4.6876566400928895e-08,7178
0.01706033124020701,0.4970879767483688,0.5236001015920544,0.5112352791776391,-1612.0,0.26690431824362526,89,11,82,1.652113961713147e-07,0.5100427059120604,0.764526911140863,4,7.71800699380605e-05,4.6876566400928895e-08,7180
0.017097392188506647,0.48724424986923426,0.560373751821305,0.5112352791776391,-1806.0,0.09183872243992984,134,11,18,1.652113961713147e-07,0.5100427059120604,0.5825453457757226,3,7.71800699380605e-05,4.17890272377219e-06,7181
0.017097392188506647,0.48724424986923426,0.560373751821305,0.5112352791776391,-1806.0,0.09183872243992984,134,11,18,1.652113961713147e-07,0.5100427059120604,0.5825453457757226,3,7.71800699380605e-05,4.17890272377219e-06,7182
0.017351008556742452,0.4965925396582043,0.5552005774706252,0.5112352791776391,-2209.0,0.26690431824362526,134,11,18,1.652113961713147e-07,0.5100427059120604,0.8627622080115674,3,7.71800699380605e-05,0.004789030842100622,7183
0.017065222522976268,0.4853423345971175,0.5613896723656244,0.5112352791776391,-1588.0,0.04717052037625178,248,11,97,1.652113961713147e-07,0.44473038620786254,0.5825453457757226,8,7.71800699380605e-05,0.28749982347407854,7184
0.017351008556742452,0.4965925396582043,0.5552005774706252,0.5112352791776391,-2209.0,0.26690431824362526,134,11,18,1.652113961713147e-07,0.5100427059120604,0.8627622080115674,3,7.71800699380605e-05,0.004789030842100622,7186
0.017057701907228082,0.48686400609702285,0.5491852584582069,0.5112352791776391,-1530.0,0.08330803890301997,157,11,18,0.0012649313545381893,0.44473038620786254,0.8627622080115674,3,7.71800699380605e-05,4.17890272377219e-06,7187
0.01706033124020701,0.4970879767483688,0.5236001015920544,0.5112352791776391,-1612.0,0.26690431824362526,89,11,82,1.652113961713147e-07,0.5100427059120604,0.764526911140863,4,7.71800699380605e-05,4.6876566400928895e-08,7192
0.01706033124020701,0.4970879767483688,0.5236001015920544,0.5112352791776391,-1612.0,0.26690431824362526,89,11,82,1.652113961713147e-07,0.5100427059120604,0.764526911140863,4,7.71800699380605e-05,4.6876566400928895e-08,7193
0.017351008556742452,0.4965925396582043,0.5552005774706252,0.5112352791776391,-2209.0,0.26690431824362526,134,11,18,1.652113961713147e-07,0.5100427059120604,0.8627622080115674,3,7.71800699380605e-05,0.004789030842100622,7195
0.017057701907228082,0.48686400609702285,0.5491852584582069,0.5112352791776391,-1530.0,0.08330803890301997,157,11,18,0.0012649313545381893,0.44473038620786254,0.8627622080115674,3,7.71800699380605e-05,4.17890272377219e-06,7196
0.017097392188506647,0.48724424986923426,0.560373751821305,0.5112352791776391,-1806.0,0.09183872243992984,134,11,18,1.652113961713147e-07,0.5100427059120604,0.5825453457757226,3,7.71800699380605e-05,4.17890272377219e-06,7197
0.01706033124020701,0.4970879767483688,0.5236001015920544,0.5112352791776391,-1612.0,0.26690431824362526,89,11,82,1.652113961713147e-07,0.5100427059120604,0.764526911140863,4,7.71800699380605e-05,4.6876566400928895e-08,7199
0.017057701907228082,0.48686400609702285,0.5491852584582069,0.5112352791776391,-1530.0,0.08330803890301997,157,11,18,0.0012649313545381893,0.44473038620786254,0.8627622080115674,3,7.71800699380605e-05,4.17890272377219e-06,7200
0.017057701907228082,0.48686400609702285,0.5491852584582069,0.5112352791776391,-1530.0,0.08330803890301997,157,11,18,0.0012649313545381893,0.44473038620786254,0.8627622080115674,3,7.71800699380605e-05,4.17890272377219e-06,7202
0.017057701907228082,0.48686400609702285,0.5491852584582069,0.5112352791776391,-1530.0,0.08330803890301997,157,11,18,0.0012649313545381893,0.44473038620786254,0.8627622080115674,3,7.71800699380605e-05,4.17890272377219e-06,7203
0.01704227132838233,0.4870596965889371,0.5668836637302999,0.5112352791776391,-1412.0,0.04717052037625178,248,11,12,1.652113961713147e-07,0.44473038620786254,0.5825453457757226,8,7.71800699380605e-05,0.28749982347407854,7204
0.017351008556742452,0.4965925396582043,0.5552005774706252,0.5112352791776391,-2209.0,0.26690431824362526,134,11,18,1.652113961713147e-07,0.5100427059120604,0.8627622080115674,3,7.71800699380605e-05,0.004789030842100622,7206
0.01706033124020701,0.4970879767483688,0.5236001015920544,0.5112352791776391,-1612.0,0.26690431824362526,89,11,82,1.652113961713147e-07,0.5100427059120604,0.764526911140863,4,7.71800699380605e-05,4.6876566400928895e-08,7207
0.017411357854910308,0.507570075968625,0.5336523680305846,0.5112352791776391,-1915.0,0.26690431824362526,248,11,18,1.652113961713147e-07,0.4271363733463229,0.5825453457757226,3,7.71800699380605e-05,0.28749982347407854,7211
0.01720637379705617,0.4929547694190932,0.5357376786215562,0.5112352791776391,-1773.0,0.26690431824362526,89,11,82,1.652113961713147e-07,0.5100427059120604,0.5825453457757226,3,7.71800699380605e-05,4.6876566400928895e-08,7213
0.0175743337559867,0.500813434579157,0.5523533264714139,0.5112352791776391,-2473.0,0.26690431824362526,248,11,18,1.652113961713147e-07,0.5100427059120604,0.5825453457757226,3,0.003062520509464317,4.17890272377219e-06,7219
0.01720637379705617,0.4929547694190932,0.5357376786215562,0.5112352791776391,-1773.0,0.26690431824362526,89,11,82,1.652113961713147e-07,0.5100427059120604,0.5825453457757226,3,7.71800699380605e-05,4.6876566400928895e-08,7221
0.0175743337559867,0.500813434579157,0.5523533264714139,0.5112352791776391,-2473.0,0.26690431824362526,248,11,18,1.652113961713147e-07,0.5100427059120604,0.5825453457757226,3,0.003062520509464317,4.17890272377219e-06,7228
0.0175743337559867,0.500813434579157,0.5523533264714139,0.5112352791776391,-2473.0,0.26690431824362526,248,11,18,1.652113961713147e-07,0.5100427059120604,0.5825453457757226,3,0.003062520509464317,4.17890272377219e-06,7230
0.01720637379705617,0.4929547694190932,0.5357376786215562,0.5112352791776391,-1773.0,0.26690431824362526,89,11,82,1.652113961713147e-07,0.5100427059120604,0.5825453457757226,3,7.71800699380605e-05,4.6876566400928895e-08,7233
0.01720637379705617,0.4929547694190932,0.5357376786215562,0.5112352791776391,-1773.0,0.26690431824362526,89,11,82,1.652113961713147e-07,0.5100427059120604,0.5825453457757226,3,7.71800699380605e-05,4.6876566400928895e-08,7238
0.01720637379705617,0.4929547694190932,0.5357376786215562,0.5112352791776391,-1773.0,0.26690431824362526,89,11,82,1.652113961713147e-07,0.5100427059120604,0.5825453457757226,3,7.71800699380605e-05,4.6876566400928895e-08,7243
0.01720637379705617,0.4929547694190932,0.5357376786215562,0.5112352791776391,-1773.0,0.26690431824362526,89,11,82,1.652113961713147e-07,0.5100427059120604,0.5825453457757226,3,7.71800699380605e-05,4.6876566400928895e-08,7248
0.01720637379705617,0.4929547694190932,0.5357376786215562,0.5112352791776391,-1773.0,0.26690431824362526,89,11,82,1.652113961713147e-07,0.5100427059120604,0.5825453457757226,3,7.71800699380605e-05,4.6876566400928895e-08,7250
0.016943270790207996,0.48528854013907763,0.5346281864481546,0.5112352791776391,-1222.0,0.08330803890301997,157,11,18,1.652113961713147e-07,0.44473038620786254,0.764526911140863,5,3.926414226888425e-07,4.17890272377219e-06,7253
0.0175743337559867,0.500813434579157,0.5523533264714139,0.5112352791776391,-2473.0,0.26690431824362526,248,11,18,1.652113961713147e-07,0.5100427059120604,0.5825453457757226,3,0.003062520509464317,4.17890272377219e-06,7255
0.0175743337559867,0.500813434579157,0.5523533264714139,0.5112352791776391,-2473.0,0.26690431824362526,248,11,18,1.652113961713147e-07,0.5100427059120604,0.5825453457757226,3,0.003062520509464317,4.17890272377219e-06,7257
0.0175743337559867,0.500813434579157,0.5523533264714139,0.5112352791776391,-2473.0,0.26690431824362526,248,11,18,1.652113961713147e-07,0.5100427059120604,0.5825453457757226,3,0.003062520509464317,4.17890272377219e-06,7266
0.0175743337559867,0.500813434579157,0.5523533264714139,0.5112352791776391,-2473.0,0.26690431824362526,248,11,18,1.652113961713147e-07,0.5100427059120604,0.5825453457757226,3,0.003062520509464317,4.17890272377219e-06,7267
0.016943270790207996,0.48528854013907763,0.5346281864481546,0.5112352791776391,-1222.0,0.08330803890301997,157,11,18,1.652113961713147e-07,0.44473038620786254,0.764526911140863,5,3.926414226888425e-07,4.17890272377219e-06,7268
0.016943270790207996,0.48528854013907763,0.5346281864481546,0.5112352791776391,-1222.0,0.08330803890301997,157,11,18,1.652113961713147e-07,0.44473038620786254,0.764526911140863,5,3.926414226888425e-07,4.17890272377219e-06,7277
0.0175743337559867,0.500813434579157,0.5523533264714139,0.5112352791776391,-2473.0,0.26690431824362526,248,11,18,1.652113961713147e-07,0.5100427059120604,0.5825453457757226,3,0.003062520509464317,4.17890272377219e-06,7282
0.0175743337559867,0.500813434579157,0.5523533264714139,0.5112352791776391,-2473.0,0.26690431824362526,248,11,18,1.652113961713147e-07,0.5100427059120604,0.5825453457757226,3,0.003062520509464317,4.17890272377219e-06,7284
0.0175743337559867,0.500813434579157,0.5523533264714139,0.5112352791776391,-2473.0,0.26690431824362526,248,11,18,1.652113961713147e-07,0.5100427059120604,0.5825453457757226,3,0.003062520509464317,4.17890272377219e-06,7285
0.017464805363796587,0.4931771695284186,0.5391196246440937,0.5112352791776391,-1789.0,0.26690431824362526,248,11,82,1.652113961713147e-07,0.44473038620786254,0.5825453457757226,3,7.71800699380605e-05,2.9115701561638634,7288
0.017316962972230926,0.5025565263499314,0.5473271932521488,0.5112352791776391,-2157.0,0.26690431824362526,248,11,82,1.652113961713147e-07,0.5100427059120604,0.5825453457757226,3,1.4102316596654226e-08,0.28749982347407854,7308
0.017316962972230926,0.5025565263499314,0.5473271932521488,0.5112352791776391,-2157.0,0.26690431824362526,248,11,82,1.652113961713147e-07,0.5100427059120604,0.5825453457757226,3,1.4102316596654226e-08,0.28749982347407854,7314
0.017316962972230926,0.5025565263499314,0.5473271932521488,0.5112352791776391,-2157.0,0.26690431824362526,248,11,82,1.652113961713147e-07,0.5100427059120604,0.5825453457757226,3,1.4102316596654226e-08,0.28749982347407854,7319
0.017316962972230926,0.5025565263499314,0.5473271932521488,0.5112352791776391,-2157.0,0.26690431824362526,248,11,82,1.652113961713147e-07,0.5100427059120604,0.5825453457757226,3,1.4102316596654226e-08,0.28749982347407854,7321
0.017316962972230926,0.5025565263499314,0.5473271932521488,0.5112352791776391,-2157.0,0.26690431824362526,248,11,82,1.652113961713147e-07,0.5100427059120604,0.5825453457757226,3,1.4102316596654226e-08,0.28749982347407854,7323
0.017316962972230926,0.5025565263499314,0.5473271932521488,0.5112352791776391,-2157.0,0.26690431824362526,248,11,82,1.652113961713147e-07,0.5100427059120604,0.5825453457757226,3,1.4102316596654226e-08,0.28749982347407854,7328
0.017316962972230926,0.5025565263499314,0.5473271932521488,0.5112352791776391,-2157.0,0.26690431824362526,248,11,82,1.652113961713147e-07,0.5100427059120604,0.5825453457757226,3,1.4102316596654226e-08,0.28749982347407854,7337
0.017316962972230926,0.5025565263499314,0.5473271932521488,0.5112352791776391,-2157.0,0.26690431824362526,248,11,82,1.652113961713147e-07,0.5100427059120604,0.5825453457757226,3,1.4102316596654226e-08,0.28749982347407854,7341
0.017316962972230926,0.5025565263499314,0.5473271932521488,0.5112352791776391,-2157.0,0.26690431824362526,248,11,82,1.652113961713147e-07,0.5100427059120604,0.5825453457757226,3,1.4102316596654226e-08,0.28749982347407854,7344
0.017316962972230926,0.5025565263499314,0.5473271932521488,0.5112352791776391,-2157.0,0.26690431824362526,248,11,82,1.652113961713147e-07,0.5100427059120604,0.5825453457757226,3,1.4102316596654226e-08,0.28749982347407854,7353
0.017316962972230926,0.5025565263499314,0.5473271932521488,0.5112352791776391,-2157.0,0.26690431824362526,248,11,82,1.652113961713147e-07,0.5100427059120604,0.5825453457757226,3,1.4102316596654226e-08,0.28749982347407854,7356
0.017316962972230926,0.5025565263499314,0.5473271932521488,0.5112352791776391,-2157.0,0.26690431824362526,248,11,82,1.652113961713147e-07,0.5100427059120604,0.5825453457757226,3,1.4102316596654226e-08,0.28749982347407854,7367
0.017316962972230926,0.5025565263499314,0.5473271932521488,0.5112352791776391,-2157.0,0.26690431824362526,248,11,82,1.652113961713147e-07,0.5100427059120604,0.5825453457757226,3,1.4102316596654226e-08,0.28749982347407854,7368
0.017297265158422635,0.49656689986375824,0.5472336216230668,0.5112352791776391,-2085.0,0.26690431824362526,248,11,22,1.4800690175821863e-08,0.4188575114120406,0.5825453457757226,3,0.4754283761334844,0.28749982347407854,7370
0.017207660664100417,0.48243305669539255,0.5812001229798553,0.5112352791776391,-1801.0,0.11935262708510537,21,3,80,1.4800690175821863e-08,0.5591214206090352,0.764526911140863,2,0.4754283761334844,4.17890272377219e-06,7375
0.017182665590671112,0.48485095807305983,0.5506690371479368,0.5112352791776391,-1586.0,0.26690431824362526,73,11,82,1.652113961713147e-07,0.5100427059120604,0.764526911140863,3,5.716036492601785,4.6876566400928895e-08,7381
0.017207660664100417,0.48243305669539255,0.5812001229798553,0.5112352791776391,-1801.0,0.11935262708510537,21,3,80,1.4800690175821863e-08,0.5591214206090352,0.764526911140863,2,0.4754283761334844,4.17890272377219e-06,7388
0.017207660664100417,0.48243305669539255,0.5812001229798553,0.5112352791776391,-1801.0,0.11935262708510537,21,3,80,1.4800690175821863e-08,0.5591214206090352,0.764526911140863,2,0.4754283761334844,4.17890272377219e-06,7392
0.017610892234075238,0.4980129771289303,0.550963119410766,0.5112352791776391,-2250.0,0.26690431824362526,248,11,18,1.652113961713147e-07,0.5100427059120604,0.5825453457757226,3,7.71800699380605e-05,4.467247645704661e-06,7398
0.017207660664100417,0.48243305669539255,0.5812001229798553,0.5112352791776391,-1801.0,0.11935262708510537,21,3,80,1.4800690175821863e-08,0.5591214206090352,0.764526911140863,2,0.4754283761334844,4.17890272377219e-06,7400
0.017182665590671112,0.48485095807305983,0.5506690371479368,0.5112352791776391,-1586.0,0.26690431824362526,73,11,82,1.652113961713147e-07,0.5100427059120604,0.764526911140863,3,5.716036492601785,4.6876566400928895e-08,7404
0.017610892234075238,0.4980129771289303,0.550963119410766,0.5112352791776391,-2250.0,0.26690431824362526,248,11,18,1.652113961713147e-07,0.5100427059120604,0.5825453457757226,3,7.71800699380605e-05,4.467247645704661e-06,7408
0.017182665590671112,0.48485095807305983,0.5506690371479368,0.5112352791776391,-1586.0,0.26690431824362526,73,11,82,1.652113961713147e-07,0.5100427059120604,0.764526911140863,3,5.716036492601785,4.6876566400928895e-08,7409
0.017610892234075238,0.4980129771289303,0.550963119410766,0.5112352791776391,-2250.0,0.26690431824362526,248,11,18,1.652113961713147e-07,0.5100427059120604,0.5825453457757226,3,7.71800699380605e-05,4.467247645704661e-06,7410
0.017610892234075238,0.4980129771289303,0.550963119410766,0.5112352791776391,-2250.0,0.26690431824362526,248,11,18,1.652113961713147e-07,0.5100427059120604,0.5825453457757226,3,7.71800699380605e-05,4.467247645704661e-06,7414
0.017207660664100417,0.48243305669539255,0.5812001229798553,0.5112352791776391,-1801.0,0.11935262708510537,21,3,80,1.4800690175821863e-08,0.5591214206090352,0.764526911140863,2,0.4754283761334844,4.17890272377219e-06,7415
0.017182665590671112,0.48485095807305983,0.5506690371479368,0.5112352791776391,-1586.0,0.26690431824362526,73,11,82,1.652113961713147e-07,0.5100427059120604,0.764526911140863,3,5.716036492601785,4.6876566400928895e-08,7416
0.017207660664100417,0.48243305669539255,0.5812001229798553,0.5112352791776391,-1801.0,0.11935262708510537,21,3,80,1.4800690175821863e-08,0.5591214206090352,0.764526911140863,2,0.4754283761334844,4.17890272377219e-06,7417
0.017182665590671112,0.48485095807305983,0.5506690371479368,0.5112352791776391,-1586.0,0.26690431824362526,73,11,82,1.652113961713147e-07,0.5100427059120604,0.764526911140863,3,5.716036492601785,4.6876566400928895e-08,7419
0.017610892234075238,0.4980129771289303,0.550963119410766,0.5112352791776391,-2250.0,0.26690431824362526,248,11,18,1.652113961713147e-07,0.5100427059120604,0.5825453457757226,3,7.71800699380605e-05,4.467247645704661e-06,7421
0.017182665590671112,0.48485095807305983,0.5506690371479368,0.5112352791776391,-1586.0,0.26690431824362526,73,11,82,1.652113961713147e-07,0.5100427059120604,0.764526911140863,3,5.716036492601785,4.6876566400928895e-08,7428
0.017182665590671112,0.48485095807305983,0.5506690371479368,0.5112352791776391,-1586.0,0.26690431824362526,73,11,82,1.652113961713147e-07,0.5100427059120604,0.764526911140863,3,5.716036492601785,4.6876566400928895e-08,7432
0.017182665590671112,0.48485095807305983,0.5506690371479368,0.5112352791776391,-1586.0,0.26690431824362526,73,11,82,1.652113961713147e-07,0.5100427059120604,0.764526911140863,3,5.716036492601785,4.6876566400928895e-08,7434
0.017182665590671112,0.48485095807305983,0.5506690371479368,0.5112352791776391,-1586.0,0.26690431824362526,73,11,82,1.652113961713147e-07,0.5100427059120604,0.764526911140863,3,5.716036492601785,4.6876566400928895e-08,7435
0.017610892234075238,0.4980129771289303,0.550963119410766,0.5112352791776391,-2250.0,0.26690431824362526,248,11,18,1.652113961713147e-07,0.5100427059120604,0.5825453457757226,3,7.71800699380605e-05,4.467247645704661e-06,7436
0.017610892234075238,0.4980129771289303,0.550963119410766,0.5112352791776391,-2250.0,0.26690431824362526,248,11,18,1.652113961713147e-07,0.5100427059120604,0.5825453457757226,3,7.71800699380605e-05,4.467247645704661e-06,7438
0.017610892234075238,0.4980129771289303,0.550963119410766,0.5112352791776391,-2250.0,0.26690431824362526,248,11,18,1.652113961713147e-07,0.5100427059120604,0.5825453457757226,3,7.71800699380605e-05,4.467247645704661e-06,7440
0.017182665590671112,0.48485095807305983,0.5506690371479368,0.5112352791776391,-1586.0,0.26690431824362526,73,11,82,1.652113961713147e-07,0.5100427059120604,0.764526911140863,3,5.716036492601785,4.6876566400928895e-08,7448
0.017207660664100417,0.48243305669539255,0.5812001229798553,0.5112352791776391,-1801.0,0.11935262708510537,21,3,80,1.4800690175821863e-08,0.5591214206090352,0.764526911140863,2,0.4754283761334844,4.17890272377219e-06,7450
0.017200175817692034,0.4902919448197869,0.5388389097568475,0.5112352791776391,-1665.0,0.26690431824362526,89,11,82,1.652113961713147e-07,0.44473038620786254,0.764526911140863,2,7.71800699380605e-05,0.006445411701103587,7498
0.017200175817692034,0.4902919448197869,0.5388389097568475,0.5112352791776391,-1665.0,0.26690431824362526,89,11,82,1.652113961713147e-07,0.44473038620786254,0.764526911140863,2,7.71800699380605e-05,0.006445411701103587,7520
0.017020778530968162,0.48593799224972417,0.5720702054565627,0.5112352791776391,-1401.0,0.08330803890301997,189,11,18,0.0012649313545381893,0.4271363733463229,0.5825453457757226,9,7.71800699380605e-05,4.17890272377219e-06,7774
0.017097982345528586,0.4915540555656902,0.5754922536058495,0.5112352791776391,-1871.0,0.08330803890301997,248,11,18,1.652113961713147e-07,0.4271363733463229,0.5825453457757226,7,7.71800699380605e-05,0.28749982347407854,7779
0.017206110629645735,0.48549205120385597,0.5660415190685613,0.5112352791776391,-2082.0,0.26690431824362526,48,11,57,1.4800690175821863e-08,0.5100427059120604,0.5825453457757226,3,0.005341874754868531,0.004789030842100622,7786
0.017206110629645735,0.48549205120385597,0.5660415190685613,0.5112352791776391,-2082.0,0.26690431824362526,48,11,57,1.4800690175821863e-08,0.5100427059120604,0.5825453457757226,3,0.005341874754868531,0.004789030842100622,7803
0.017206110629645735,0.48549205120385597,0.5660415190685613,0.5112352791776391,-2082.0,0.26690431824362526,48,11,57,1.4800690175821863e-08,0.5100427059120604,0.5825453457757226,3,0.005341874754868531,0.004789030842100622,7823
0.017097982345528586,0.4915540555656902,0.5754922536058495,0.5112352791776391,-1871.0,0.08330803890301997,248,11,18,1.652113961713147e-07,0.4271363733463229,0.5825453457757226,7,7.71800699380605e-05,0.28749982347407854,7832
0.017097982345528586,0.4915540555656902,0.5754922536058495,0.5112352791776391,-1871.0,0.08330803890301997,248,11,18,1.652113961713147e-07,0.4271363733463229,0.5825453457757226,7,7.71800699380605e-05,0.28749982347407854,7838
0.0170513360207083,0.49065234840008326,0.5452017805344277,0.5112352791776391,-1739.0,0.08330803890301997,223,11,93,0.0012649313545381893,0.44473038620786254,0.8627622080115674,3,7.71800699380605e-05,4.17890272377219e-06,7862
0.01709439088455429,0.48475426350677264,0.5468994372334879,0.5112352791776391,-1448.0,0.08330803890301997,48,11,57,0.0012649313545381893,0.44473038620786254,0.8627622080115674,3,7.71800699380605e-05,4.17890272377219e-06,7863
0.01709439088455429,0.48475426350677264,0.5468994372334879,0.5112352791776391,-1448.0,0.08330803890301997,48,11,57,0.0012649313545381893,0.44473038620786254,0.8627622080115674,3,7.71800699380605e-05,4.17890272377219e-06,7877
0.01709439088455429,0.48475426350677264,0.5468994372334879,0.5112352791776391,-1448.0,0.08330803890301997,48,11,57,0.0012649313545381893,0.44473038620786254,0.8627622080115674,3,7.71800699380605e-05,4.17890272377219e-06,7879
0.01709439088455429,0.48475426350677264,0.5468994372334879,0.5112352791776391,-1448.0,0.08330803890301997,48,11,57,0.0012649313545381893,0.44473038620786254,0.8627622080115674,3,7.71800699380605e-05,4.17890272377219e-06,7896
0.0170513360207083,0.49065234840008326,0.5452017805344277,0.5112352791776391,-1739.0,0.08330803890301997,223,11,93,0.0012649313545381893,0.44473038620786254,0.8627622080115674,3,7.71800699380605e-05,4.17890272377219e-06,7900
0.0170513360207083,0.49065234840008326,0.5452017805344277,0.5112352791776391,-1739.0,0.08330803890301997,223,11,93,0.0012649313545381893,0.44473038620786254,0.8627622080115674,3,7.71800699380605e-05,4.17890272377219e-06,7904
0.0170513360207083,0.49065234840008326,0.5452017805344277,0.5112352791776391,-1739.0,0.08330803890301997,223,11,93,0.0012649313545381893,0.44473038620786254,0.8627622080115674,3,7.71800699380605e-05,4.17890272377219e-06,7908
0.0170513360207083,0.49065234840008326,0.5452017805344277,0.5112352791776391,-1739.0,0.08330803890301997,223,11,93,0.0012649313545381893,0.44473038620786254,0.8627622080115674,3,7.71800699380605e-05,4.17890272377219e-06,7910
0.0170513360207083,0.49065234840008326,0.5452017805344277,0.5112352791776391,-1739.0,0.08330803890301997,223,11,93,0.0012649313545381893,0.44473038620786254,0.8627622080115674,3,7.71800699380605e-05,4.17890272377219e-06,7917
0.01709439088455429,0.48475426350677264,0.5468994372334879,0.5112352791776391,-1448.0,0.08330803890301997,48,11,57,0.0012649313545381893,0.44473038620786254,0.8627622080115674,3,7.71800699380605e-05,4.17890272377219e-06,7922
0.0170513360207083,0.49065234840008326,0.5452017805344277,0.5112352791776391,-1739.0,0.08330803890301997,223,11,93,0.0012649313545381893,0.44473038620786254,0.8627622080115674,3,7.71800699380605e-05,4.17890272377219e-06,7924
0.0170513360207083,0.49065234840008326,0.5452017805344277,0.5112352791776391,-1739.0,0.08330803890301997,223,11,93,0.0012649313545381893,0.44473038620786254,0.8627622080115674,3,7.71800699380605e-05,4.17890272377219e-06,7926
0.01706033124020701,0.4970879767483688,0.5236001015920544,0.5112352791776391,-1612.0,0.26690431824362526,89,11,82,1.652113961713147e-07,0.5100427059120604,0.764526911140863,4,7.71800699380605e-05,4.6876566400928895e-08,8078
0.01706033124020701,0.4970879767483688,0.5236001015920544,0.5112352791776391,-1612.0,0.26690431824362526,89,11,82,1.652113961713147e-07,0.5100427059120604,0.764526911140863,4,7.71800699380605e-05,4.6876566400928895e-08,8084
0.01706033124020701,0.4970879767483688,0.5236001015920544,0.5112352791776391,-1612.0,0.26690431824362526,89,11,82,1.652113961713147e-07,0.5100427059120604,0.764526911140863,4,7.71800699380605e-05,4.6876566400928895e-08,8114
0.01706033124020701,0.4970879767483688,0.5236001015920544,0.5112352791776391,-1612.0,0.26690431824362526,89,11,82,1.652113961713147e-07,0.5100427059120604,0.764526911140863,4,7.71800699380605e-05,4.6876566400928895e-08,8121
0.01706033124020701,0.4970879767483688,0.5236001015920544,0.5112352791776391,-1612.0,0.26690431824362526,89,11,82,1.652113961713147e-07,0.5100427059120604,0.764526911140863,4,7.71800699380605e-05,4.6876566400928895e-08,8160
0.01706033124020701,0.4970879767483688,0.5236001015920544,0.5112352791776391,-1612.0,0.26690431824362526,89,11,82,1.652113961713147e-07,0.5100427059120604,0.764526911140863,4,7.71800699380605e-05,4.6876566400928895e-08,8169
0.017046240070102532,0.4806608234809331,0.5454156585437582,0.5112352791776391,-965.0,0.11935262708510537,154,11,80,1.652113961713147e-07,0.5100427059120604,0.764526911140863,2,1.4102316596654226e-08,4.17890272377219e-06,8180
0.017030728936466764,0.48768713604526864,0.5460572925717494,0.5112352791776391,-1317.0,0.11935262708510537,138,11,80,1.652113961713147e-07,0.5100427059120604,0.764526911140863,2,1.4102316596654226e-08,4.17890272377219e-06,8187
0.017046240070102532,0.4806608234809331,0.5454156585437582,0.5112352791776391,-965.0,0.11935262708510537,154,11,80,1.652113961713147e-07,0.5100427059120604,0.764526911140863,2,1.4102316596654226e-08,4.17890272377219e-06,8196
0.017030728936466764,0.48768713604526864,0.5460572925717494,0.5112352791776391,-1317.0,0.11935262708510537,138,11,80,1.652113961713147e-07,0.5100427059120604,0.764526911140863,2,1.4102316596654226e-08,4.17890272377219e-06,8199
0.017030728936466764,0.48768713604526864,0.5460572925717494,0.5112352791776391,-1317.0,0.11935262708510537,138,11,80,1.652113961713147e-07,0.5100427059120604,0.764526911140863,2,1.4102316596654226e-08,4.17890272377219e-06,8208
0.017030728936466764,0.48768713604526864,0.5460572925717494,0.5112352791776391,-1317.0,0.11935262708510537,138,11,80,1.652113961713147e-07,0.5100427059120604,0.764526911140863,2,1.4102316596654226e-08,4.17890272377219e-06,8215
0.017046240070102532,0.4806608234809331,0.5454156585437582,0.5112352791776391,-965.0,0.11935262708510537,154,11,80,1.652113961713147e-07,0.5100427059120604,0.764526911140863,2,1.4102316596654226e-08,4.17890272377219e-06,8224
0.017046240070102532,0.4806608234809331,0.5454156585437582,0.5112352791776391,-965.0,0.11935262708510537,154,11,80,1.652113961713147e-07,0.5100427059120604,0.764526911140863,2,1.4102316596654226e-08,4.17890272377219e-06,8229
0.017046240070102532,0.4806608234809331,0.5454156585437582,0.5112352791776391,-965.0,0.11935262708510537,154,11,80,1.652113961713147e-07,0.5100427059120604,0.764526911140863,2,1.4102316596654226e-08,4.17890272377219e-06,8234
0.017030728936466764,0.48768713604526864,0.5460572925717494,0.5112352791776391,-1317.0,0.11935262708510537,138,11,80,1.652113961713147e-07,0.5100427059120604,0.764526911140863,2,1.4102316596654226e-08,4.17890272377219e-06,8235
0.017046240070102532,0.4806608234809331,0.5454156585437582,0.5112352791776391,-965.0,0.11935262708510537,154,11,80,1.652113961713147e-07,0.5100427059120604,0.764526911140863,2,1.4102316596654226e-08,4.17890272377219e-06,8241
0.017046240070102532,0.4806608234809331,0.5454156585437582,0.5112352791776391,-965.0,0.11935262708510537,154,11,80,1.652113961713147e-07,0.5100427059120604,0.764526911140863,2,1.4102316596654226e-08,4.17890272377219e-06,8256
0.016957419455597804,0.48530385620477473,0.5436511649667821,0.5112352791776391,-1223.0,0.08330803890301997,157,11,18,1.652113961713147e-07,0.44473038620786254,0.764526911140863,5,0.002077300593178723,4.17890272377219e-06,8284
0.016957419455597804,0.48530385620477473,0.5436511649667821,0.5112352791776391,-1223.0,0.08330803890301997,157,11,18,1.652113961713147e-07,0.44473038620786254,0.764526911140863,5,0.002077300593178723,4.17890272377219e-06,8292
0.017113880045732825,0.4828633995438252,0.5749575585825235,0.5112352791776391,-1401.0,0.11935262708510537,138,3,80,8.308665079645798e-07,0.5100427059120604,0.5825453457757226,2,0.000326322223997746,4.17890272377219e-06,8342
0.017113880045732825,0.4828633995438252,0.5749575585825235,0.5112352791776391,-1401.0,0.11935262708510537,138,3,80,8.308665079645798e-07,0.5100427059120604,0.5825453457757226,2,0.000326322223997746,4.17890272377219e-06,8347
0.017113880045732825,0.4828633995438252,0.5749575585825235,0.5112352791776391,-1401.0,0.11935262708510537,138,3,80,8.308665079645798e-07,0.5100427059120604,0.5825453457757226,2,0.000326322223997746,4.17890272377219e-06,8358
0.01709146450856157,0.4930743018152271,0.5617639588819527,0.5112352791776391,-1902.0,0.15107019033830843,248,11,18,1.652113961713147e-07,0.5100427059120604,0.764526911140863,3,0.18753546777666233,4.17890272377219e-06,8359
0.017113880045732825,0.4828633995438252,0.5749575585825235,0.5112352791776391,-1401.0,0.11935262708510537,138,3,80,0.0005040284544090028,0.5100427059120604,0.5825453457757226,2,0.000326322223997746,4.17890272377219e-06,8365
0.017113880045732825,0.4828633995438252,0.5749575585825235,0.5112352791776391,-1401.0,0.11935262708510537,138,3,80,0.0005040284544090028,0.5100427059120604,0.5825453457757226,2,0.000326322223997746,4.17890272377219e-06,8368
0.017113880045732825,0.4828633995438252,0.5749575585825235,0.5112352791776391,-1401.0,0.11935262708510537,138,3,80,0.0005040284544090028,0.5100427059120604,0.5825453457757226,2,0.000326322223997746,4.17890272377219e-06,8375
0.017113880045732825,0.4828633995438252,0.5749575585825235,0.5112352791776391,-1401.0,0.11935262708510537,138,3,80,8.308665079645798e-07,0.5100427059120604,0.5825453457757226,2,0.000326322223997746,4.17890272377219e-06,8383
0.017113880045732825,0.4828633995438252,0.5749575585825235,0.5112352791776391,-1401.0,0.11935262708510537,138,3,80,0.0005040284544090028,0.5100427059120604,0.5825453457757226,2,0.000326322223997746,4.17890272377219e-06,8390
0.017113880045732825,0.4828633995438252,0.5749575585825235,0.5112352791776391,-1401.0,0.11935262708510537,138,3,80,8.308665079645798e-07,0.5100427059120604,0.5825453457757226,2,0.000326322223997746,4.17890272377219e-06,8392
0.01709146450856157,0.4930743018152271,0.5617639588819527,0.5112352791776391,-1902.0,0.15107019033830843,248,11,18,1.652113961713147e-07,0.5100427059120604,0.764526911140863,3,0.18753546777666233,4.17890272377219e-06,8407
0.017113880045732825,0.4828633995438252,0.5749575585825235,0.5112352791776391,-1401.0,0.11935262708510537,138,3,80,8.308665079645798e-07,0.5100427059120604,0.5825453457757226,2,0.000326322223997746,4.17890272377219e-06,8409
0.017113880045732825,0.4828633995438252,0.5749575585825235,0.5112352791776391,-1401.0,0.11935262708510537,138,3,80,8.308665079645798e-07,0.5100427059120604,0.5825453457757226,2,0.000326322223997746,4.17890272377219e-06,8419
0.01742930078740612,0.49796288659677285,0.5453755564170086,0.5112352791776391,-2023.0,0.26690431824362526,157,11,22,8.308665079645798e-07,0.5100427059120604,0.764526911140863,5,7.71800699380605e-05,4.17890272377219e-06,8422
0.017064386867747142,0.4970879760709208,0.5250838802817843,0.5112352791776391,-1612.0,0.26690431824362526,89,11,82,8.308665079645798e-07,0.5100427059120604,0.764526911140863,4,7.71800699380605e-05,4.17890272377219e-06,8430
0.01709146450856157,0.4930743018152271,0.5617639588819527,0.5112352791776391,-1902.0,0.15107019033830843,248,11,18,1.652113961713147e-07,0.5100427059120604,0.764526911140863,3,0.18753546777666233,4.17890272377219e-06,8439
0.017064386867747142,0.4970879760709208,0.5250838802817843,0.5112352791776391,-1612.0,0.26690431824362526,89,11,82,8.308665079645798e-07,0.5100427059120604,0.764526911140863,4,7.71800699380605e-05,4.17890272377219e-06,8440
0.017391103825055224,0.5032773672008264,0.5444799422529375,0.5112352791776391,-2324.0,0.26690431824362526,248,11,22,1.4800690175821863e-08,0.4188575114120406,0.5825453457757226,3,0.14525598138964968,0.28749982347407854,8508
0.017212294025801177,0.4846820391659742,0.5716023473111524,0.5112352791776391,-1738.0,0.11935262708510537,23,11,80,1.652113961713147e-07,0.5100427059120604,0.764526911140863,5,0.14525598138964968,4.17890272377219e-06,8516
0.017212294025801177,0.4846820391659742,0.5716023473111524,0.5112352791776391,-1738.0,0.11935262708510537,23,11,80,1.652113961713147e-07,0.5100427059120604,0.764526911140863,5,0.14525598138964968,4.17890272377219e-06,8518
0.017212294025801177,0.4846820391659742,0.5716023473111524,0.5112352791776391,-1738.0,0.11935262708510537,23,11,80,1.652113961713147e-07,0.5100427059120604,0.764526911140863,5,0.14525598138964968,4.17890272377219e-06,8528
0.017391103825055224,0.5032773672008264,0.5444799422529375,0.5112352791776391,-2324.0,0.26690431824362526,248,11,22,1.4800690175821863e-08,0.4188575114120406,0.5825453457757226,3,0.14525598138964968,0.28749982347407854,8534
0.017120491893248876,0.48290250653224337,0.5911721851648866,0.5112352791776391,-1618.0,0.11935262708510537,248,3,80,1.652113961713147e-07,0.44473038620786254,0.7188127789408888,2,0.000326322223997746,4.17890272377219e-06,8540
0.017120491893248876,0.48290250653224337,0.5911721851648866,0.5112352791776391,-1618.0,0.11935262708510537,248,3,80,1.652113961713147e-07,0.44473038620786254,0.7188127789408888,2,0.000326322223997746,4.17890272377219e-06,8542
0.017212294025801177,0.4846820391659742,0.5716023473111524,0.5112352791776391,-1738.0,0.11935262708510537,23,11,80,1.652113961713147e-07,0.5100427059120604,0.764526911140863,5,0.14525598138964968,4.17890272377219e-06,8558
0.017569066140515687,0.5054137206041757,0.5559224157521154,0.5112352791776391,-2431.0,0.26690431824362526,248,11,18,1.652113961713147e-07,0.5100427059120604,0.5825453457757226,3,0.003062520509464317,4.467247645704661e-06,8561
0.017212294025801177,0.4846820391659742,0.5716023473111524,0.5112352791776391,-1738.0,0.11935262708510537,23,11,80,1.652113961713147e-07,0.5100427059120604,0.764526911140863,5,0.14525598138964968,4.17890272377219e-06,8564
0.017212294025801177,0.4846820391659742,0.5716023473111524,0.5112352791776391,-1738.0,0.11935262708510537,23,11,80,1.652113961713147e-07,0.5100427059120604,0.764526911140863,5,0.14525598138964968,4.17890272377219e-06,8566
0.017569066140515687,0.5054137206041757,0.5559224157521154,0.5112352791776391,-2431.0,0.26690431824362526,248,11,18,1.652113961713147e-07,0.5100427059120604,0.5825453457757226,3,0.003062520509464317,4.467247645704661e-06,8568
0.0169917437978464,0.5036589535811783,0.534574716945822,0.5112352791776391,-2103.0,0.26690431824362526,248,11,18,4.1850289151013694e-05,0.7852189876925726,0.938329454771996,1,1.0790237065789294,0.18753546777666233,8571
0.0169917437978464,0.5036589535811783,0.534574716945822,0.5112352791776391,-2103.0,0.26690431824362526,248,11,18,4.1850289151013694e-05,0.7852189876925726,0.938329454771996,1,1.0790237065789294,0.18753546777666233,8582
0.0169917437978464,0.5036589535811783,0.534574716945822,0.5112352791776391,-2103.0,0.26690431824362526,248,11,18,4.1850289151013694e-05,0.7852189876925726,0.938329454771996,1,1.0790237065789294,0.18753546777666233,8636
0.0169917437978464,0.5036589535811783,0.534574716945822,0.5112352791776391,-2103.0,0.26690431824362526,248,11,18,4.1850289151013694e-05,0.7852189876925726,0.938329454771996,1,1.0790237065789294,0.18753546777666233,8643
0.0169917437978464,0.5036589535811783,0.534574716945822,0.5112352791776391,-2103.0,0.26690431824362526,248,11,18,4.1850289151013694e-05,0.7852189876925726,0.938329454771996,1,1.0790237065789294,0.18753546777666233,8649
0.0169917437978464,0.5036589535811783,0.534574716945822,0.5112352791776391,-2103.0,0.26690431824362526,248,11,18,4.1850289151013694e-05,0.7852189876925726,0.938329454771996,1,1.0790237065789294,0.18753546777666233,8659
0.0169917437978464,0.5036589535811783,0.534574716945822,0.5112352791776391,-2103.0,0.26690431824362526,248,11,18,4.1850289151013694e-05,0.7852189876925726,0.938329454771996,1,1.0790237065789294,0.18753546777666233,8661
0.0169917437978464,0.5036589535811783,0.534574716945822,0.5112352791776391,-2103.0,0.26690431824362526,248,11,18,4.1850289151013694e-05,0.7852189876925726,0.938329454771996,1,1.0790237065789294,0.18753546777666233,8672
0.0169917437978464,0.5036589535811783,0.534574716945822,0.5112352791776391,-2103.0,0.26690431824362526,248,11,18,4.1850289151013694e-05,0.7852189876925726,0.938329454771996,1,1.0790237065789294,0.18753546777666233,8680
0.0169917437978464,0.5036589535811783,0.534574716945822,0.5112352791776391,-2103.0,0.26690431824362526,248,11,18,4.1850289151013694e-05,0.7852189876925726,0.938329454771996,1,1.0790237065789294,0.18753546777666233,8692
0.0169917437978464,0.5036589535811783,0.534574716945822,0.5112352791776391,-2103.0,0.26690431824362526,248,11,18,4.1850289151013694e-05,0.7852189876925726,0.938329454771996,1,1.0790237065789294,0.18753546777666233,8698
0.0169917437978464,0.5036589535811783,0.534574716945822,0.5112352791776391,-2103.0,0.26690431824362526,248,11,18,4.1850289151013694e-05,0.7852189876925726,0.938329454771996,1,1.0790237065789294,0.18753546777666233,8705
0.0169917437978464,0.5036589535811783,0.534574716945822,0.5112352791776391,-2103.0,0.26690431824362526,248,11,18,4.1850289151013694e-05,0.7852189876925726,0.938329454771996,1,1.0790237065789294,0.18753546777666233,8732
0.0169917437978464,0.5036589535811783,0.534574716945822,0.5112352791776391,-2103.0,0.26690431824362526,248,11,18,4.1850289151013694e-05,0.7852189876925726,0.938329454771996,1,1.0790237065789294,0.18753546777666233,8744
0.01729888158085654,0.49865797904561465,0.549105054204708,0.5112352791776391,-2282.0,0.26690431824362526,248,11,83,2.219291244969148e-08,0.5100427059120604,0.764526911140863,5,0.14525598138964968,0.28749982347407854,8752
0.017216881990408522,0.49451421435392734,0.5458701493135852,0.5112352791776391,-1894.0,0.26690431824362526,73,11,82,1.652113961713147e-07,0.5100427059120604,0.938329454771996,4,0.18753546777666233,4.17890272377219e-06,8758
0.01729888158085654,0.49865797904561465,0.549105054204708,0.5112352791776391,-2282.0,0.26690431824362526,248,11,83,2.219291244969148e-08,0.5100427059120604,0.764526911140863,5,0.14525598138964968,0.28749982347407854,8759
0.017216881990408522,0.49451421435392734,0.5458701493135852,0.5112352791776391,-1894.0,0.26690431824362526,73,11,82,1.652113961713147e-07,0.5100427059120604,0.938329454771996,4,0.18753546777666233,4.17890272377219e-06,8770
0.017216881990408522,0.49451421435392734,0.5458701493135852,0.5112352791776391,-1894.0,0.26690431824362526,73,11,82,1.652113961713147e-07,0.5100427059120604,0.938329454771996,4,0.18753546777666233,4.17890272377219e-06,8774
0.01729888158085654,0.49865797904561465,0.549105054204708,0.5112352791776391,-2282.0,0.26690431824362526,248,11,83,2.219291244969148e-08,0.5100427059120604,0.764526911140863,5,0.14525598138964968,0.28749982347407854,8778
0.017216881990408522,0.49451421435392734,0.5458701493135852,0.5112352791776391,-1894.0,0.26690431824362526,73,11,82,1.652113961713147e-07,0.5100427059120604,0.938329454771996,4,0.18753546777666233,4.17890272377219e-06,8810
0.017167660057691776,0.48243553657545446,0.5861460519456215,0.5112352791776391,-1801.0,0.11935262708510537,21,3,80,0.003240234795501039,0.5591214206090352,0.764526911140863,2,3.926414226888425e-07,4.17890272377219e-06,8827
0.017141987180849704,0.48982431303190993,0.5554812923578714,0.5112352791776391,-1842.0,0.15107019033830843,239,11,18,2.219291244969148e-08,0.5100427059120604,0.764526911140863,2,0.18753546777666233,4.17890272377219e-06,8828
0.017141987180849704,0.48982431303190993,0.5554812923578714,0.5112352791776391,-1842.0,0.15107019033830843,239,11,18,2.219291244969148e-08,0.5100427059120604,0.764526911140863,2,0.18753546777666233,4.17890272377219e-06,8845
0.017194833793915856,0.49505200906911895,0.5610554879760457,0.5112352791776391,-2273.0,0.26690431824362526,73,11,80,1.652113961713147e-07,0.5100427059120604,0.764526911140863,2,5.716036492601785,4.17890272377219e-06,8855
0.01720350839394829,0.4848556397511114,0.5503883222606906,0.5112352791776391,-1450.0,0.26690431824362526,73,11,82,8.308665079645798e-07,0.5100427059120604,0.938329454771996,4,7.71800699380605e-05,4.17890272377219e-06,8859
0.017141987180849704,0.48982431303190993,0.5554812923578714,0.5112352791776391,-1842.0,0.15107019033830843,239,11,18,2.219291244969148e-08,0.5100427059120604,0.764526911140863,2,0.18753546777666233,4.17890272377219e-06,8862
0.01714088934018414,0.48982431303190993,0.5608282425911321,0.5112352791776391,-1842.0,0.15107019033830843,239,11,18,8.722809342799452e-06,0.5100427059120604,0.764526911140863,2,0.18753546777666233,4.17890272377219e-06,8863
0.01714088934018414,0.48982431303190993,0.5608282425911321,0.5112352791776391,-1842.0,0.15107019033830843,239,11,18,8.722809342799452e-06,0.5100427059120604,0.764526911140863,2,0.18753546777666233,4.17890272377219e-06,8865
0.017141987180849704,0.48982431303190993,0.5554812923578714,0.5112352791776391,-1842.0,0.15107019033830843,239,11,18,2.219291244969148e-08,0.5100427059120604,0.764526911140863,2,0.18753546777666233,4.17890272377219e-06,8871
0.017141987180849704,0.48982431303190993,0.5554812923578714,0.5112352791776391,-1842.0,0.15107019033830843,239,11,18,2.219291244969148e-08,0.5100427059120604,0.764526911140863,2,0.18753546777666233,4.17890272377219e-06,8873
0.01714088934018414,0.48982431303190993,0.5608282425911321,0.5112352791776391,-1842.0,0.15107019033830843,239,11,18,8.722809342799452e-06,0.5100427059120604,0.764526911140863,2,0.18753546777666233,4.17890272377219e-06,8877
0.01714088934018414,0.48982431303190993,0.5608282425911321,0.5112352791776391,-1842.0,0.15107019033830843,239,11,18,8.722809342799452e-06,0.5100427059120604,0.764526911140863,2,0.18753546777666233,4.17890272377219e-06,8885
0.01714088934018414,0.48982431303190993,0.5608282425911321,0.5112352791776391,-1842.0,0.15107019033830843,239,11,18,8.722809342799452e-06,0.5100427059120604,0.764526911140863,2,0.18753546777666233,4.17890272377219e-06,8890
0.01720350839394829,0.4848556397511114,0.5503883222606906,0.5112352791776391,-1450.0,0.26690431824362526,73,11,82,8.308665079645798e-07,0.5100427059120604,0.938329454771996,4,7.71800699380605e-05,4.17890272377219e-06,8891
0.01714088934018414,0.48982431303190993,0.5608282425911321,0.5112352791776391,-1842.0,0.15107019033830843,239,11,18,8.722809342799452e-06,0.5100427059120604,0.764526911140863,2,0.18753546777666233,4.17890272377219e-06,8897
0.01714088934018414,0.48982431303190993,0.5608282425911321,0.5112352791776391,-1842.0,0.15107019033830843,239,11,18,8.722809342799452e-06,0.5100427059120604,0.764526911140863,2,0.18753546777666233,4.17890272377219e-06,8900
0.017141987180849704,0.48982431303190993,0.5554812923578714,0.5112352791776391,-1842.0,0.15107019033830843,239,11,18,2.219291244969148e-08,0.5100427059120604,0.764526911140863,2,0.18753546777666233,4.17890272377219e-06,8901
0.017064305229754516,0.4839051098915305,0.582844310176583,0.5112352791776391,-1664.0,0.26690431824362526,157,3,22,2.219291244969148e-08,0.5100427059120604,0.4762363075911309,3,0.000326322223997746,4.17890272377219e-06,8909
0.017055206945554003,0.48526367943515364,0.5791816492667994,0.5112352791776391,-1850.0,0.11935262708510537,138,4,57,1.652113961713147e-07,0.5100427059120604,0.764526911140863,3,0.18753546777666233,4.17890272377219e-06,8916
0.017346612700904297,0.4915723740165715,0.5589434426339077,0.5112352791776391,-2012.0,0.26690431824362526,80,11,18,1.652113961713147e-07,0.44473038620786254,0.764526911140863,3,7.71800699380605e-05,4.17890272377219e-06,8919
0.017064305229754516,0.4839051098915305,0.582844310176583,0.5112352791776391,-1664.0,0.26690431824362526,157,3,22,2.219291244969148e-08,0.5100427059120604,0.4762363075911309,3,0.000326322223997746,4.17890272377219e-06,8921
0.017064305229754516,0.4839051098915305,0.582844310176583,0.5112352791776391,-1664.0,0.26690431824362526,157,3,22,8.722809342799452e-06,0.5100427059120604,0.4762363075911309,3,0.000326322223997746,4.17890272377219e-06,8922
0.017064305229754516,0.4839051098915305,0.582844310176583,0.5112352791776391,-1664.0,0.26690431824362526,157,3,22,8.722809342799452e-06,0.5100427059120604,0.4762363075911309,3,0.000326322223997746,4.17890272377219e-06,8928
0.017346612700904297,0.4915723740165715,0.5589434426339077,0.5112352791776391,-2012.0,0.26690431824362526,80,11,18,1.652113961713147e-07,0.44473038620786254,0.764526911140863,3,7.71800699380605e-05,4.17890272377219e-06,8929
0.017117479043825767,0.48176346752078136,0.5712948976727399,0.5112352791776391,-1507.0,0.04717052037625178,42,11,56,1.652113961713147e-07,0.5100427059120604,0.5825453457757226,3,7.71800699380605e-05,4.17890272377219e-06,8937
0.017346612700904297,0.4915723740165715,0.5589434426339077,0.5112352791776391,-2012.0,0.26690431824362526,80,11,18,1.652113961713147e-07,0.44473038620786254,0.764526911140863,3,7.71800699380605e-05,4.17890272377219e-06,8938
0.017346612700904297,0.4915723740165715,0.5589434426339077,0.5112352791776391,-2012.0,0.26690431824362526,80,11,18,1.652113961713147e-07,0.44473038620786254,0.764526911140863,3,7.71800699380605e-05,4.17890272377219e-06,8939
0.017064305229754516,0.4839051098915305,0.582844310176583,0.5112352791776391,-1664.0,0.26690431824362526,157,3,22,2.219291244969148e-08,0.5100427059120604,0.4762363075911309,3,0.000326322223997746,4.17890272377219e-06,8941
0.017346612700904297,0.4915723740165715,0.5589434426339077,0.5112352791776391,-2012.0,0.26690431824362526,80,11,18,1.652113961713147e-07,0.44473038620786254,0.764526911140863,3,7.71800699380605e-05,4.17890272377219e-06,8944
0.01712771899113012,0.4865228948583682,0.5748773543290246,0.5112352791776391,-1747.0,0.11935262708510537,24,11,18,1.652113961713147e-07,0.5100427059120604,0.6453717666485619,7,1.254134495897175e-07,4.17890272377219e-06,8945
0.017117479043825767,0.48176346752078136,0.5712948976727399,0.5112352791776391,-1507.0,0.04717052037625178,42,11,56,1.652113961713147e-07,0.5100427059120604,0.5825453457757226,3,7.71800699380605e-05,4.17890272377219e-06,8950
0.017346612700904297,0.4915723740165715,0.5589434426339077,0.5112352791776391,-2012.0,0.26690431824362526,80,11,18,1.652113961713147e-07,0.44473038620786254,0.764526911140863,3,7.71800699380605e-05,4.17890272377219e-06,8951
0.017064305229754516,0.4839051098915305,0.582844310176583,0.5112352791776391,-1664.0,0.26690431824362526,157,3,22,8.722809342799452e-06,0.5100427059120604,0.4762363075911309,3,0.000326322223997746,4.17890272377219e-06,8956
0.017064305229754516,0.4839051098915305,0.582844310176583,0.5112352791776391,-1664.0,0.26690431824362526,157,3,22,8.722809342799452e-06,0.5100427059120604,0.4762363075911309,3,0.000326322223997746,4.17890272377219e-06,8958
0.017064305229754516,0.4839051098915305,0.582844310176583,0.5112352791776391,-1664.0,0.26690431824362526,157,3,22,8.722809342799452e-06,0.5100427059120604,0.4762363075911309,3,0.000326322223997746,4.17890272377219e-06,8963
0.017064305229754516,0.4839051098915305,0.582844310176583,0.5112352791776391,-1664.0,0.26690431824362526,157,3,22,2.219291244969148e-08,0.5100427059120604,0.4762363075911309,3,0.000326322223997746,4.17890272377219e-06,8972
0.017117479043825767,0.48176346752078136,0.5712948976727399,0.5112352791776391,-1507.0,0.04717052037625178,42,11,56,1.652113961713147e-07,0.5100427059120604,0.5825453457757226,3,7.71800699380605e-05,4.17890272377219e-06,8974
0.01712771899113012,0.4865228948583682,0.5748773543290246,0.5112352791776391,-1747.0,0.11935262708510537,24,11,18,1.652113961713147e-07,0.5100427059120604,0.6453717666485619,7,1.254134495897175e-07,4.17890272377219e-06,8975
0.017064305229754516,0.4839051098915305,0.582844310176583,0.5112352791776391,-1664.0,0.26690431824362526,157,3,22,8.722809342799452e-06,0.5100427059120604,0.4762363075911309,3,0.000326322223997746,4.17890272377219e-06,8976
0.017064305229754516,0.4839051098915305,0.582844310176583,0.5112352791776391,-1664.0,0.26690431824362526,157,3,22,8.722809342799452e-06,0.5100427059120604,0.4762363075911309,3,0.000326322223997746,4.17890272377219e-06,8978
0.017117479043825767,0.48176346752078136,0.5712948976727399,0.5112352791776391,-1507.0,0.04717052037625178,42,11,56,1.652113961713147e-07,0.5100427059120604,0.5825453457757226,3,7.71800699380605e-05,4.17890272377219e-06,8980
0.017064305229754516,0.4839051098915305,0.582844310176583,0.5112352791776391,-1664.0,0.26690431824362526,157,3,22,8.722809342799452e-06,0.5100427059120604,0.4762363075911309,3,0.000326322223997746,4.17890272377219e-06,8984
0.01696574689014451,0.48869174815790295,0.5397211565453355,0.5112352791776391,-1720.0,0.08330803890301997,157,11,18,1.652113961713147e-07,0.5100427059120604,0.764526911140863,5,7.71800699380605e-05,4.17890272377219e-06,8999
0.01707334203817402,0.48487640803335535,0.5777647074549854,0.5112352791776391,-1390.0,0.08330803890301997,85,11,73,1.652113961713147e-07,0.4271363733463229,0.5825453457757226,4,7.71800699380605e-05,4.17890272377219e-06,9002
0.01707334203817402,0.48487640803335535,0.5777647074549854,0.5112352791776391,-1390.0,0.08330803890301997,85,11,73,1.652113961713147e-07,0.4271363733463229,0.5825453457757226,4,7.71800699380605e-05,4.17890272377219e-06,9012
0.017610892114903926,0.49908885773235706,0.550963119410766,0.5112352791776391,-2329.0,0.26690431824362526,248,11,18,1.652113961713147e-07,0.5100427059120604,0.5825453457757226,3,7.71800699380605e-05,8.065072141415098e-06,9014
0.01707334203817402,0.48487640803335535,0.5777647074549854,0.5112352791776391,-1390.0,0.08330803890301997,85,11,73,1.652113961713147e-07,0.4271363733463229,0.5825453457757226,4,7.71800699380605e-05,4.17890272377219e-06,9015
0.01696574689014451,0.48869174815790295,0.5397211565453355,0.5112352791776391,-1720.0,0.08330803890301997,157,11,18,1.652113961713147e-07,0.5100427059120604,0.764526911140863,5,7.71800699380605e-05,4.17890272377219e-06,9018
0.01707334203817402,0.48487640803335535,0.5777647074549854,0.5112352791776391,-1390.0,0.08330803890301997,85,11,73,1.652113961713147e-07,0.4271363733463229,0.5825453457757226,4,7.71800699380605e-05,4.17890272377219e-06,9020
0.01707334203817402,0.48487640803335535,0.5777647074549854,0.5112352791776391,-1390.0,0.08330803890301997,85,11,73,1.652113961713147e-07,0.4271363733463229,0.5825453457757226,4,7.71800699380605e-05,4.17890272377219e-06,9034
0.01696574689014451,0.48869174815790295,0.5397211565453355,0.5112352791776391,-1720.0,0.08330803890301997,157,11,18,1.652113961713147e-07,0.5100427059120604,0.764526911140863,5,7.71800699380605e-05,4.17890272377219e-06,9040
0.01707334203817402,0.48487640803335535,0.5777647074549854,0.5112352791776391,-1390.0,0.08330803890301997,85,11,73,1.652113961713147e-07,0.4271363733463229,0.5825453457757226,4,7.71800699380605e-05,4.17890272377219e-06,9043
0.01696574689014451,0.48869174815790295,0.5397211565453355,0.5112352791776391,-1720.0,0.08330803890301997,157,11,18,1.652113961713147e-07,0.5100427059120604,0.764526911140863,5,7.71800699380605e-05,4.17890272377219e-06,9052
0.017610892114903926,0.49908885773235706,0.550963119410766,0.5112352791776391,-2329.0,0.26690431824362526,248,11,18,1.652113961713147e-07,0.5100427059120604,0.5825453457757226,3,7.71800699380605e-05,8.065072141415098e-06,9053
0.01696574689014451,0.48869174815790295,0.5397211565453355,0.5112352791776391,-1720.0,0.08330803890301997,157,11,18,1.652113961713147e-07,0.5100427059120604,0.764526911140863,5,7.71800699380605e-05,4.17890272377219e-06,9056
0.01696574689014451,0.48869174815790295,0.5397211565453355,0.5112352791776391,-1720.0,0.08330803890301997,157,11,18,1.652113961713147e-07,0.5100427059120604,0.764526911140863,5,7.71800699380605e-05,4.17890272377219e-06,9059
0.01696574689014451,0.48869174815790295,0.5397211565453355,0.5112352791776391,-1720.0,0.08330803890301997,157,11,18,1.652113961713147e-07,0.5100427059120604,0.764526911140863,5,7.71800699380605e-05,4.17890272377219e-06,9063
0.01707334203817402,0.48487640803335535,0.5777647074549854,0.5112352791776391,-1390.0,0.08330803890301997,85,11,73,1.652113961713147e-07,0.4271363733463229,0.5825453457757226,4,7.71800699380605e-05,4.17890272377219e-06,9064
0.01696574689014451,0.48869174815790295,0.5397211565453355,0.5112352791776391,-1720.0,0.08330803890301997,157,11,18,1.652113961713147e-07,0.5100427059120604,0.764526911140863,5,7.71800699380605e-05,4.17890272377219e-06,9066
0.01696574689014451,0.48869174815790295,0.5397211565453355,0.5112352791776391,-1720.0,0.08330803890301997,157,11,18,1.652113961713147e-07,0.5100427059120604,0.764526911140863,5,7.71800699380605e-05,4.17890272377219e-06,9069
0.01696574689014451,0.48869174815790295,0.5397211565453355,0.5112352791776391,-1720.0,0.08330803890301997,157,11,18,1.652113961713147e-07,0.5100427059120604,0.764526911140863,5,7.71800699380605e-05,4.17890272377219e-06,9071
0.01696574689014451,0.48869174815790295,0.5397211565453355,0.5112352791776391,-1720.0,0.08330803890301997,157,11,18,1.652113961713147e-07,0.5100427059120604,0.764526911140863,5,7.71800699380605e-05,4.17890272377219e-06,9079
0.01696574689014451,0.48869174815790295,0.5397211565453355,0.5112352791776391,-1720.0,0.08330803890301997,157,11,18,1.652113961713147e-07,0.5100427059120604,0.764526911140863,5,7.71800699380605e-05,4.17890272377219e-06,9088
0.01696574689014451,0.48869174815790295,0.5397211565453355,0.5112352791776391,-1720.0,0.08330803890301997,157,11,18,1.652113961713147e-07,0.5100427059120604,0.764526911140863,5,7.71800699380605e-05,4.17890272377219e-06,9089
0.01696574689014451,0.48869174815790295,0.5397211565453355,0.5112352791776391,-1720.0,0.08330803890301997,157,11,18,1.652113961713147e-07,0.5100427059120604,0.764526911140863,5,7.71800699380605e-05,4.17890272377219e-06,9091
0.01696574689014451,0.48869174815790295,0.5397211565453355,0.5112352791776391,-1720.0,0.08330803890301997,157,11,18,1.652113961713147e-07,0.5100427059120604,0.764526911140863,5,7.71800699380605e-05,4.17890272377219e-06,9096
0.01696574689014451,0.48869174815790295,0.5397211565453355,0.5112352791776391,-1720.0,0.08330803890301997,157,11,18,1.652113961713147e-07,0.5100427059120604,0.764526911140863,5,7.71800699380605e-05,4.17890272377219e-06,9110
0.01696574689014451,0.48869174815790295,0.5397211565453355,0.5112352791776391,-1720.0,0.08330803890301997,157,11,18,1.652113961713147e-07,0.5100427059120604,0.764526911140863,5,7.71800699380605e-05,4.17890272377219e-06,9116
0.01696574689014451,0.48869174815790295,0.5397211565453355,0.5112352791776391,-1720.0,0.08330803890301997,157,11,18,1.652113961713147e-07,0.5100427059120604,0.764526911140863,5,7.71800699380605e-05,4.17890272377219e-06,9117
0.01696574689014451,0.48869174815790295,0.5397211565453355,0.5112352791776391,-1720.0,0.08330803890301997,157,11,18,1.652113961713147e-07,0.5100427059120604,0.764526911140863,5,7.71800699380605e-05,4.17890272377219e-06,9119
0.016997732820346712,0.4874287412576709,0.5512438342980123,0.5112352791776391,-1404.0,0.08330803890301997,157,11,18,8.308665079645798e-07,0.4470738288053596,0.764526911140863,5,0.14525598138964968,4.17890272377219e-06,9132
0.016943270790207996,0.48528854013907763,0.5346281864481546,0.5112352791776391,-1222.0,0.08330803890301997,157,11,18,1.652113961713147e-07,0.44473038620786254,0.764526911140863,5,3.926414226888425e-07,4.17890272377219e-06,9151
0.01696574689014451,0.48869174815790295,0.5397211565453355,0.5112352791776391,-1720.0,0.08330803890301997,157,11,18,1.652113961713147e-07,0.5100427059120604,0.764526911140863,5,7.71800699380605e-05,4.17890272377219e-06,9154
0.01696574689014451,0.48869174815790295,0.5397211565453355,0.5112352791776391,-1720.0,0.08330803890301997,157,11,18,1.652113961713147e-07,0.5100427059120604,0.764526911140863,5,7.71800699380605e-05,4.17890272377219e-06,9162
0.01696574689014451,0.48869174815790295,0.5397211565453355,0.5112352791776391,-1720.0,0.08330803890301997,157,11,18,1.652113961713147e-07,0.5100427059120604,0.764526911140863,5,7.71800699380605e-05,4.17890272377219e-06,9166
0.01696574689014451,0.48869174815790295,0.5397211565453355,0.5112352791776391,-1720.0,0.08330803890301997,157,11,18,1.652113961713147e-07,0.5100427059120604,0.764526911140863,5,7.71800699380605e-05,4.17890272377219e-06,9168
0.01696574689014451,0.48869174815790295,0.5397211565453355,0.5112352791776391,-1720.0,0.08330803890301997,157,11,18,1.652113961713147e-07,0.5100427059120604,0.764526911140863,5,7.71800699380605e-05,4.17890272377219e-06,9172
0.01696574689014451,0.48869174815790295,0.5397211565453355,0.5112352791776391,-1720.0,0.08330803890301997,157,11,18,1.652113961713147e-07,0.5100427059120604,0.764526911140863,5,7.71800699380605e-05,4.17890272377219e-06,9173
0.01696574689014451,0.48869174815790295,0.5397211565453355,0.5112352791776391,-1720.0,0.08330803890301997,157,11,18,1.652113961713147e-07,0.5100427059120604,0.764526911140863,5,7.71800699380605e-05,4.17890272377219e-06,9204
0.017026453872737816,0.47821854915039314,0.5460305578205831,0.5112352791776391,-1276.0,0.26690431824362526,21,10,80,1.652113961713147e-07,0.5100427059120604,0.9774683769652668,2,0.18753546777666233,0.18753546777666233,9232
0.01696574689014451,0.48869174815790295,0.5397211565453355,0.5112352791776391,-1720.0,0.08330803890301997,157,11,18,1.652113961713147e-07,0.5100427059120604,0.764526911140863,5,7.71800699380605e-05,4.17890272377219e-06,9234
0.01704480205164514,0.4806608234146804,0.5454557606705075,0.5112352791776391,-965.0,0.11935262708510537,154,11,80,1.652113961713147e-07,0.5100427059120604,0.764526911140863,2,1.4102316596654226e-08,8.065072141415098e-06,9237
0.01704480205164514,0.4806608234146804,0.5454557606705075,0.5112352791776391,-965.0,0.11935262708510537,154,11,80,1.652113961713147e-07,0.5100427059120604,0.764526911140863,2,1.4102316596654226e-08,8.065072141415098e-06,9267
0.01727226372949833,0.49562405695339595,0.5437714713470304,0.5112352791776391,-1987.0,0.26690431824362526,248,11,18,0.0012649313545381893,0.4271363733463229,0.8627622080115674,3,7.71800699380605e-05,4.17890272377219e-06,9280
0.01727226372949833,0.49562405695339595,0.5437714713470304,0.5112352791776391,-1987.0,0.26690431824362526,248,11,18,0.0012649313545381893,0.4271363733463229,0.8627622080115674,3,7.71800699380605e-05,4.17890272377219e-06,9285
0.0175743337559867,0.500813434579157,0.5523533264714139,0.5112352791776391,-2473.0,0.26690431824362526,248,11,18,1.652113961713147e-07,0.5100427059120604,0.5825453457757226,3,0.003062520509464317,4.17890272377219e-06,9329
0.017422462221751665,0.4912605438134173,0.5619511021401169,0.5112352791776391,-1954.0,0.26690431824362526,248,8,82,1.652113961713147e-07,0.4470738288053596,0.764526911140863,3,0.0032024821378842483,4.17890272377219e-06,9333
0.017422462221751665,0.4912605438134173,0.5619511021401169,0.5112352791776391,-1954.0,0.26690431824362526,248,8,82,1.652113961713147e-07,0.4470738288053596,0.764526911140863,3,0.0032024821378842483,4.17890272377219e-06,9339
0.0175743337559867,0.500813434579157,0.5523533264714139,0.5112352791776391,-2473.0,0.26690431824362526,248,11,18,1.652113961713147e-07,0.5100427059120604,0.5825453457757226,3,0.003062520509464317,4.17890272377219e-06,9350
0.0175743337559867,0.500813434579157,0.5523533264714139,0.5112352791776391,-2473.0,0.26690431824362526,248,11,18,1.652113961713147e-07,0.5100427059120604,0.5825453457757226,3,0.003062520509464317,4.17890272377219e-06,9351
0.017422462221751665,0.4912605438134173,0.5619511021401169,0.5112352791776391,-1954.0,0.26690431824362526,248,8,82,1.652113961713147e-07,0.4470738288053596,0.764526911140863,3,0.0032024821378842483,4.17890272377219e-06,9361
0.017422462221751665,0.4912605438134173,0.5619511021401169,0.5112352791776391,-1954.0,0.26690431824362526,248,8,82,1.652113961713147e-07,0.4470738288053596,0.764526911140863,3,0.0032024821378842483,4.17890272377219e-06,9369
0.0175743337559867,0.500813434579157,0.5523533264714139,0.5112352791776391,-2473.0,0.26690431824362526,248,11,18,1.652113961713147e-07,0.5100427059120604,0.5825453457757226,3,0.003062520509464317,4.17890272377219e-06,9370
0.017422462221751665,0.4912605438134173,0.5619511021401169,0.5112352791776391,-1954.0,0.26690431824362526,248,8,82,1.652113961713147e-07,0.4470738288053596,0.764526911140863,3,0.0032024821378842483,4.17890272377219e-06,9387
0.017422462221751665,0.4912605438134173,0.5619511021401169,0.5112352791776391,-1954.0,0.26690431824362526,248,8,82,1.652113961713147e-07,0.4470738288053596,0.764526911140863,3,0.0032024821378842483,4.17890272377219e-06,9389
0.0175743337559867,0.500813434579157,0.5523533264714139,0.5112352791776391,-2473.0,0.26690431824362526,248,11,18,1.652113961713147e-07,0.5100427059120604,0.5825453457757226,3,0.003062520509464317,4.17890272377219e-06,9392
0.017217475929361292,0.4802870247935726,0.5491718910826238,0.5112352791776391,-1717.0,0.26690431824362526,21,4,80,1.652113961713147e-07,0.5100427059120604,0.764526911140863,3,0.0008770815639893795,4.17890272377219e-06,9395
0.01762599801373203,0.49783534193788204,0.5600395674317261,0.5112352791776391,-2250.0,0.26690431824362526,248,11,18,1.652113961713147e-07,0.5100427059120604,0.5825453457757226,3,1.254134495897175e-07,4.17890272377219e-06,9398
0.017217475929361292,0.4802870247935726,0.5491718910826238,0.5112352791776391,-1717.0,0.26690431824362526,21,4,80,1.652113961713147e-07,0.5100427059120604,0.764526911140863,3,0.0008770815639893795,4.17890272377219e-06,9420
0.017217475929361292,0.4802870247935726,0.5491718910826238,0.5112352791776391,-1717.0,0.26690431824362526,21,4,80,1.652113961713147e-07,0.5100427059120604,0.764526911140863,3,0.0008770815639893795,4.17890272377219e-06,9428
0.017217475929361292,0.4802870247935726,0.5491718910826238,0.5112352791776391,-1717.0,0.26690431824362526,21,4,80,1.652113961713147e-07,0.5100427059120604,0.764526911140863,3,0.0008770815639893795,4.17890272377219e-06,9436
0.017217475929361292,0.4802870247935726,0.5491718910826238,0.5112352791776391,-1717.0,0.26690431824362526,21,4,80,1.652113961713147e-07,0.5100427059120604,0.764526911140863,3,0.0008770815639893795,4.17890272377219e-06,9437
0.01708285938688302,0.4837258746328406,0.5961047467550695,0.5112352791776391,-1582.0,0.11935262708510537,157,3,80,1.652113961713147e-07,0.40863609317785354,0.764526911140863,2,3.926414226888425e-07,4.17890272377219e-06,9451
0.017217475929361292,0.4802870247935726,0.5491718910826238,0.5112352791776391,-1717.0,0.26690431824362526,21,4,80,1.652113961713147e-07,0.5100427059120604,0.764526911140863,3,0.0008770815639893795,4.17890272377219e-06,9464
0.01708285938688302,0.4837258746328406,0.5961047467550695,0.5112352791776391,-1582.0,0.11935262708510537,157,3,80,1.652113961713147e-07,0.40863609317785354,0.764526911140863,2,3.926414226888425e-07,4.17890272377219e-06,9469
0.01722628089911714,0.4998846678722896,0.539948401930249,0.5112352791776391,-2029.0,0.26690431824362526,89,11,82,1.652113961713147e-07,0.9578185914055438,0.9774683769652668,4,0.18753546777666233,4.17890272377219e-06,9475
0.017052226528872817,0.4963248064751036,0.566014784317395,0.5112352791776391,-1807.0,0.26690431824362526,21,11,80,1.652113961713147e-07,0.9578185914055438,0.9774683769652668,8,0.18753546777666233,4.17890272377219e-06,9476
0.017052226528872817,0.4963248064751036,0.566014784317395,0.5112352791776391,-1807.0,0.26690431824362526,21,11,80,1.652113961713147e-07,0.9578185914055438,0.9774683769652668,8,0.18753546777666233,4.17890272377219e-06,9478
0.017052226528872817,0.4963248064751036,0.566014784317395,0.5112352791776391,-1807.0,0.26690431824362526,21,11,80,1.652113961713147e-07,0.9578185914055438,0.9774683769652668,8,0.18753546777666233,4.17890272377219e-06,9479
0.017052226528872817,0.4963248064751036,0.566014784317395,0.5112352791776391,-1807.0,0.26690431824362526,21,11,80,1.652113961713147e-07,0.9578185914055438,0.9774683769652668,8,0.18753546777666233,4.17890272377219e-06,9495
0.017052226528872817,0.4963248064751036,0.566014784317395,0.5112352791776391,-1807.0,0.26690431824362526,21,11,80,1.652113961713147e-07,0.9578185914055438,0.9774683769652668,8,0.18753546777666233,4.17890272377219e-06,9500
0.017052226528872817,0.4963248064751036,0.566014784317395,0.5112352791776391,-1807.0,0.26690431824362526,21,11,80,1.652113961713147e-07,0.9578185914055438,0.9774683769652668,8,0.18753546777666233,4.17890272377219e-06,9504
0.017052226528872817,0.4963248064751036,0.566014784317395,0.5112352791776391,-1807.0,0.26690431824362526,21,11,80,1.652113961713147e-07,0.9578185914055438,0.9774683769652668,8,0.18753546777666233,4.17890272377219e-06,9506
0.017052226528872817,0.4963248064751036,0.566014784317395,0.5112352791776391,-1807.0,0.26690431824362526,21,11,80,1.652113961713147e-07,0.9578185914055438,0.9774683769652668,8,0.18753546777666233,4.17890272377219e-06,9509
0.017052226528872817,0.4963248064751036,0.566014784317395,0.5112352791776391,-1807.0,0.26690431824362526,21,11,80,1.652113961713147e-07,0.9578185914055438,0.9774683769652668,8,0.18753546777666233,4.17890272377219e-06,9515
0.017052226528872817,0.4963248064751036,0.566014784317395,0.5112352791776391,-1807.0,0.26690431824362526,21,11,80,1.652113961713147e-07,0.9578185914055438,0.9774683769652668,8,0.18753546777666233,4.17890272377219e-06,9517
0.017052226528872817,0.4963248064751036,0.566014784317395,0.5112352791776391,-1807.0,0.26690431824362526,21,11,80,1.652113961713147e-07,0.9578185914055438,0.9774683769652668,8,0.18753546777666233,4.17890272377219e-06,9523
0.017052226528872817,0.4963248064751036,0.566014784317395,0.5112352791776391,-1807.0,0.26690431824362526,21,11,80,1.652113961713147e-07,0.9578185914055438,0.9774683769652668,8,0.18753546777666233,4.17890272377219e-06,9524
0.017052226528872817,0.4963248064751036,0.566014784317395,0.5112352791776391,-1807.0,0.26690431824362526,21,11,80,1.652113961713147e-07,0.9578185914055438,0.9774683769652668,8,0.18753546777666233,4.17890272377219e-06,9528
0.017052226528872817,0.4963248064751036,0.566014784317395,0.5112352791776391,-1807.0,0.26690431824362526,21,11,80,1.652113961713147e-07,0.9578185914055438,0.9774683769652668,8,0.18753546777666233,4.17890272377219e-06,9543
0.017052226528872817,0.4963248064751036,0.566014784317395,0.5112352791776391,-1807.0,0.26690431824362526,21,11,80,1.652113961713147e-07,0.9578185914055438,0.9774683769652668,8,0.18753546777666233,4.17890272377219e-06,9549
