obj_rmse_open,obj_rmse_close,obj_1_minus_dir_acc_open,obj_1_minus_dir_acc_close,param_learning_rate,param_num_leaves,param_max_depth,param_min_child_samples,param_min_gain_to_split,param_feature_fraction,param_bagging_fraction,param_bagging_freq,param_lambda_l1,param_lambda_l2,trial_number
0.015485373808095663,0.025231806749972118,0.63,0.525,0.11868125133391169,75,9,41,0.1988087761410554,0.42203260899406825,0.4523038480772102,4,8.792936098566575e-05,2.6083493442420138e-05,0
0.015485373808095663,0.025231806749972118,0.63,0.525,0.014571516065936648,205,12,81,0.9286247713567207,0.9211538324565223,0.8779691724711803,10,0.3470491181856751,0.00018062667112177155,1
0.015485373808095663,0.025231806749972118,0.63,0.525,0.010576837524696897,122,12,30,0.24459307748746895,0.40755755247138287,0.4823869751732244,2,8.618548528352486e-06,1.7758491410043183e-05,2
0.015485373808095663,0.025231806749972118,0.63,0.525,0.012630302319271156,112,5,42,0.20138190051566185,0.40041192753736266,0.4181044802303157,6,4.319157648187418e-06,0.0010115118652348793,3
0.015485373808095663,0.025231806749972118,0.63,0.525,0.01107447875126161,239,10,63,0.20783068247912306,0.4679615612806064,0.7384917252008882,10,0.11096796077983952,0.017692554906305804,4
