obj_rmse_open,obj_rmse_close,obj_1_minus_dir_acc_open,obj_1_minus_dir_acc_close,obj_neg_n_recommendations,param_learning_rate,param_num_leaves,param_max_depth,param_min_child_samples,param_min_gain_to_split,param_feature_fraction,param_bagging_fraction,param_bagging_freq,param_lambda_l1,param_lambda_l2,trial_number
0.02110541593758222,0.03044283353667165,0.620010021713713,0.48338065809253383,-0.0,0.24500297851058134,244,12,43,0.015456616528867428,0.9569911375526352,0.6569104889903886,10,4.705218477150983,0.47542837613348465,24
0.02098215930641541,0.03047074001628507,0.6469016201770503,0.5017537998997829,-0.0,0.03355944807567019,197,3,20,0.04600264202175275,0.4244372813913821,0.9132763504066044,8,0.00018516737154191504,7.594644433644963e-08,33
